nombre,cantidades_disponibles,referencia,url_imagen
CAROLINA HERRERA CH MEN SWING LIMITED EDITION EDP,100ml,11287,https://www.rp-luxury.com/30738-home_default/carolina-herrera-ch-men-swing-limited-edition-edp.jpg
JACQUES BOGART SILVER SCENT PLATINIUM EDP,100ml,11286,https://www.rp-luxury.com/30735-home_default/jacques-bogart-silver-scent-platinium-edp.jpg
AZZARO FOREVER WANTED ABSOLU PARFUM,50ml | 100ml,11285,https://www.rp-luxury.com/30722-home_default/azzaro-forever-wanted-absolu-parfum.jpg
COACH PURE PLATINUM PARFUM,100ml,11271,https://www.rp-luxury.com/30691-home_default/coach-pure-platinum-parfum.jpg
VALENTINO UOMO BORN IN ROMA PURPLE MELANCHOLIA EDT,100ml,11243,https://www.rp-luxury.com/30540-home_default/valentino-uomo-born-in-roma-purple-melancholia-edt.jpg
ARMANI STRONGER WITH YOU POWERFULLY EDP,100ml,11242,https://www.rp-luxury.com/30537-home_default/armani-stronger-with-you-powerfully-edp.jpg
ARMANI ACQUA DI GIO EAU DE PARFUM INTENSE,50ml | 100ml,11241,https://www.rp-luxury.com/30527-home_default/armani-acqua-di-gio-eau-de-parfum-intense.jpg
HERMES UN JARDIN SOUS LA MER EAU DE TOILETTE RECARGABLE,100ml,11240,https://www.rp-luxury.com/30519-home_default/hermes-un-jardin-sous-la-mer-eau-de-toilette-recargable.jpg
RABANNE INVICTUS ELIXIR PARFUM ELIXIR,100ml,11238,https://www.rp-luxury.com/30505-home_default/rabanne-invictus-elixir-parfum-elixir.jpg
CAROLINA HERRERA 212 MEN PARFUM EAU DE PARFUM,50ml | 100ml,11237,https://www.rp-luxury.com/30497-home_default/carolina-herrera-212-men-parfum-eau-de-parfum.jpg
GUCCI GUILTY ABSOLU DE PARFUM POUR HOMME,60ml,11231,https://www.rp-luxury.com/30480-home_default/gucci-guilty-absolu-de-parfum-pour-homme.jpg
CALVIN KLEIN CK ONE NIGHT ESSENCE PARFUM INTENSE,100ml,11229,https://www.rp-luxury.com/30466-home_default/calvin-klein-ck-one-night-essence-parfum-intense.jpg
LACOSTE ORIGINAL AQUA EAU DE PARFUM,60ml | 100ml,11226,https://www.rp-luxury.com/30457-home_default/lacoste-original-aqua-eau-de-parfum-.jpg
HALLOWEEN MY WORLD EAU DE PARFUM,125ml,11225,https://www.rp-luxury.com/30453-home_default/halloween-my-world-eau-de-parfum.jpg
KARL LAGERFELD CLASSIC GREY EAU DE TOILETTE,100ml,11214,https://www.rp-luxury.com/30321-home_default/karl-lagerfeld-classic-grey-eau-de-toilette.jpg
LATTAFA BADEE SUBLIME DEO 200 Ml,200ml,11208,https://www.rp-luxury.com/30310-home_default/lattafa-badee-sublime-deo-200-ml.jpg
ARMANI CODE ELIXIR PARFUM,50ml,11191,https://www.rp-luxury.com/30199-home_default/armani-code-elixir-parfum.jpg
RALPH LAUREN POLO 67 EDP EXTREME,125ml,11190,https://www.rp-luxury.com/30195-home_default/ralph-lauren-polo-67-edp-extreme.jpg
CAROLINA HERRERA BAD BOY COBALT ABSOLUTE EAU DE PARFUM,50ml | 100ml | 150ml,11179,https://www.rp-luxury.com/30138-home_default/carolina-herrera-bad-boy-cobalt-absolute-eau-de-parfum.jpg
CAROLINA HERRERA 212 VIP BLACK CAB EAU DE PARFUM LIMITED EDITION,100ml,11177,https://www.rp-luxury.com/30122-home_default/carolina-herrera-212-vip-black-cab-eau-de-parfum-limited-edition.jpg
RABANNE ONE MILLION NIGHT ELIXIR PARFUM,100ml,11176,https://www.rp-luxury.com/30115-home_default/rabanne-one-million-night-elixir-parfum-.jpg
BURBERRY HERO ELIXIR PARFUM INTENSE,60ml,11172,https://www.rp-luxury.com/30088-home_default/burberry-hero-elixir-parfum-intense.jpg
GISADA AMBASSADOR FOR MEN EAU DE PARFUM,100ml,11159,https://www.rp-luxury.com/29890-home_default/gisada-ambassador-for-men-eau-de-parfum.jpg
GISADA AMBASSADOR INTENSE EAU DE PARFUM,100ml,11158,https://www.rp-luxury.com/29887-home_default/gisada-ambassador-intense-eau-de-parfum.jpg
GIVENCHY GENTLEMAN SOCIETY SPORT EAU DE PARFUM,60ml | 100ml,11142,https://www.rp-luxury.com/29878-home_default/givenchy-gentleman-society-sport-eau-de-parfum.jpg
JEAN PAUL GAULTIER LE BEAU NARCISSE EDP,125ml,11117,https://www.rp-luxury.com/29710-home_default/jean-paul-gaultier-le-beau-narcisse-edp.jpg
MONTBLANC STAR OUD WARM WOODS EDP 125 Ml,125ml,11112,https://www.rp-luxury.com/29651-home_default/montblanc-star-oud-warm-woods-edp-125-ml.jpg
KARL LAGERFELD MATIERES BOIS DE SANTAL EDT 100 Ml,100ml,11110,https://www.rp-luxury.com/29647-home_default/karl-lagerfeld-matieres-bois-de-santal-edt-100-ml.jpg
LACOSTE ORIGINAL PARFUM,60ml | 100ml,11099,https://www.rp-luxury.com/29606-home_default/lacoste-original-parfum.jpg
GISADA TITANIUM EAU DE PARFUM 100 Ml,100ml,11096,https://www.rp-luxury.com/29596-home_default/gisada-titanium-eau-de-parfum-100-ml.jpg
RABANNE PHANTOM IN RED PARFUM ELIXIR,50ml | 100ml | 150ml,8125,https://www.rp-luxury.com/29517-home_default/rabanne-phantom-in-red-parfum-elixir-.jpg
DAVIDOFF COOL ELIXIR OUD AROMATIQUE PARFUM INTENSE,50ml | 100ml,8120,https://www.rp-luxury.com/29500-home_default/davidoff-cool-elixir-oud-aromatique-parfum-intense.jpg
CALVIN KLEIN DEFY PARFUM 200 Ml,200ml,8119,https://www.rp-luxury.com/29493-home_default/calvin-klein-defy-parfum-200-ml.jpg
BOSS HUGO SUPERMAN EAU DE PARFUM 125 Ml,125ml,8117,https://www.rp-luxury.com/29481-home_default/boss-hugo-superman-eau-de-parfum-125-ml.jpg
TOMMY HILFIGER TOMMY NOW MEN EDT 100 Ml,100ml,8098,https://www.rp-luxury.com/29282-home_default/tommy-hilfiger-tommy-now-men-edt-100-ml.jpg
CALVIN KLEIN CK ONE ESSENCE VIVA LOVE PARFUM INTENSE 100 Ml,100ml,8088,https://www.rp-luxury.com/29259-home_default/calvin-klein-ck-one-essence-viva-love-parfum-intense-100-ml.jpg
MICHAEL KORS POUR HOMME ABSOLU EDP 100 Ml,100ml,8084,https://www.rp-luxury.com/29245-home_default/michael-kors-pour-homme-absolu-edp-100-ml.jpg
TOMMY HILFIGER TOMMY NEW YORK EDT 100 Ml,100ml,7991,https://www.rp-luxury.com/29124-home_default/tommy-hilfiger-tommy-new-york-edt-100-ml.jpg
DOLCE & GABBANA DEVOTION POUR HOMME PARFUM,50ml | 100ml,7990,https://www.rp-luxury.com/29113-home_default/dolce-gabbana-devotion-pour-homme-parfum.jpg
CALVIN KLEIN CK SILKY COCONUT HAIR & BODY PERFUME MIST 236 Ml,236 ml,7898,https://www.rp-luxury.com/28856-home_default/calvin-klein-ck-silky-coconut-hair-body-perfume-mist-236-ml.jpg
CALVIN KLEIN CK SHEER PEACH HAIR & BODY PERFUME MIST 236 Ml,236 ml,7897,https://www.rp-luxury.com/28854-home_default/calvin-klein-ck-sheer-peach-hair-body-perfume-mist-236-ml.jpg
CALVIN KLEIN CK NUDE VANILLA HAIR & BODY PERFUME MIST 236 Ml,236 ml,7896,https://www.rp-luxury.com/28852-home_default/calvin-klein-ck-nude-vanilla-hair-body-perfume-mist-236-ml.jpg
CALVIN KLEIN CK COTTON MUSK HAIR & BODY PERFUME MIST 236 Ml,236 ml,7895,https://www.rp-luxury.com/28850-home_default/calvin-klein-ck-cotton-musk-hair-body-perfume-mist-236-ml.jpg
VERSACE EAU FRAICHE EXTREME POUR HOMME EDP,50ml | 100ml | 200ml,,https://www.rp-luxury.com/28837-home_default/versace-eau-fraiche-extreme-pour-homme-edp.jpg
MOSCHINO TOY BOY 2 EAU DE PARFUM,30ml | 50ml | 100ml,7888,https://www.rp-luxury.com/28835-home_default/moschino-toy-boy-2-eau-de-parfum.jpg
BOSS BOTTLED BEYOND EAU DE PARFUM 100 Ml,100ml,7851,https://www.rp-luxury.com/28642-home_default/boss-bottled-beyond-eau-de-parfum-100-ml.jpg
RALPH LAUREN RALPH´S CLUB NEW YORK EDP 110 Ml,110ml,7839,https://www.rp-luxury.com/28598-home_default/ralph-lauren-ralphs-club-new-york-edp-110-ml.jpg
HAMIDI ALYSSA EAU DE PARFUM 100 Ml,100ml,7832,https://www.rp-luxury.com/28111-home_default/hamidi-alyssa-eau-de-parfum-100-ml.jpg
ADOLFO DOMINGUEZ POMELO MASCULINO EDT 120 Ml EDICIÓN LIMITADA,120ml,7830,https://www.rp-luxury.com/28099-home_default/adolfo-dominguez-pomelo-masculino-edt-120-ml-edicion-limitada.jpg
DOLCE GABBANA LIGHT BLUE CAPRI IN LOVE POUR HOMME EDP 100 Ml,100ml,7809,https://www.rp-luxury.com/28053-home_default/dolce-gabbana-light-blue-capri-in-love-pour-homme-edp-100-ml.jpg
LATTAFA QIMMAH FOR MEN EAU DE PARFUM 100 Ml,100ml,7803,https://www.rp-luxury.com/28699-home_default/lattafa-qimmah-for-men-eau-de-parfum-100-ml.jpg
VIKTOR & ROLF SPICEBOMB METALLIC MUSK EDP 90 Ml,90ml,7773,https://www.rp-luxury.com/27899-home_default/viktor-rolf-spicebomb-metallic-musk-edp-90-ml.jpg
GUY LAROCHE DRAKKAR BLEU EAU DE PARFUM 100 Ml,100ml,7772,https://www.rp-luxury.com/27897-home_default/guy-laroche-drakkar-bleu-eau-de-parfum-100-ml.jpg
MONTBLANC EXPLORER EXTREME PARFUM,60ml | 100ml,7693,https://www.rp-luxury.com/27754-home_default/montblanc-explorer-extreme-parfum.jpg
LACOSTE SILVER GREY EAU DE PARFUM 100 Ml,100ml,7691,https://www.rp-luxury.com/27752-home_default/lacoste-silver-grey-eau-de-parfum-100-ml.jpg
HEAD ATTITUDE POUR HOMME EDT 100 Ml,100ml,7616,https://www.rp-luxury.com/27519-home_default/head-attitude-pour-homme-edt-100-ml.jpg
LATTAFA ATLAS EAU DE PARFUM 55 Ml,55ml,7610,https://www.rp-luxury.com/28679-home_default/lattafa-atlas-eau-de-parfum-55-ml.jpg
ARMANI ACQUA DI GIO PROFONDO EAU DE TOILETTE,50ml | 100ml,,https://www.rp-luxury.com/27478-home_default/armani-acqua-di-gio-profondo-eau-de-toilette.jpg
ABERCROMBIE & FITCH 100% PASSION MEN EDT 100 Ml,100ml,7581,https://www.rp-luxury.com/27391-home_default/abercrombie-fitch-100-passion-men-edt-100-ml.jpg
MUGLER A MEN STELLAR  EDP LUMINEUSE 100 Ml,100ml,7549,https://www.rp-luxury.com/27215-home_default/mugler-a-men-stellar-edp-lumineuse-100-ml.jpg
AZZARO WANTED FOREVER ELIXIR PARFUM,50ml | 100ml,7546,https://www.rp-luxury.com/27208-home_default/azzaro-wanted-forever-elixir-parfum.jpg
TOMMY HILFIGER IMPACT PARFUM 100 Ml,100ml,7529,https://www.rp-luxury.com/27139-home_default/tommy-hilfiger-impact-parfum-100-ml.jpg
HAMIDI SERENITY EAU DE PARFUM 100 Ml,100ml,7504,https://www.rp-luxury.com/26991-home_default/hamidi-serenity-eau-de-parfum-100-ml-.jpg
HAMIDI DAHAB EAU DE PARFUM 100 Ml,100ml,7498,https://www.rp-luxury.com/26960-home_default/hamidi-dahab-eau-de-parfum-100-ml-.jpg
RALPH LAUREN POLO 67 EAU DE PARFUM,75ml | 125ml,7491,https://www.rp-luxury.com/26935-home_default/ralph-lauren-polo-67-eau-de-parfum.jpg
LANCOME OFF NOW EAU DE TOILETTE 100 Ml,100ml,7489,https://www.rp-luxury.com/26931-home_default/lancome-off-now-eau-de-toilette-100-ml.jpg
HAMIDI VANILLE L'EAU DE AQUA EDP 100 Ml,100ml,7488,https://www.rp-luxury.com/26928-home_default/hamidi-vanille-l-eau-de-aqua-edp-100-ml.jpg
HAMIDI MISK FLEUR L'EAU DE AQUA EDP 100 Ml,100ml,7487,https://www.rp-luxury.com/26925-home_default/hamidi-misk-fleur-l-eau-de-aqua-edp-100-ml.jpg
HAMIDI DESIRE EAU DE PARFUM 100 Ml,100ml,7486,https://www.rp-luxury.com/26921-home_default/hamidi-desire-eau-de-parfum-100-ml-.jpg
HAMIDI AUTOGRAPH EAU DE PARFUM 85 Ml,85ml,7485,https://www.rp-luxury.com/26918-home_default/hamidi-autograph-eau-de-parfum-85-ml-.jpg
HAMIDI ASTRAL EAU DE PARFUM 100 Ml,100ml,7484,https://www.rp-luxury.com/26915-home_default/hamidi-astral-eau-de-parfum-100-ml-.jpg
HAMIDI AOUD L'EAU DE AQUA EDP 100 Ml,100ml,7483,https://www.rp-luxury.com/26913-home_default/hamidi-aoud-l-eau-de-aqua-edp-100-ml.jpg
HAMIDI AMBRE L'EAU DE AQUA EDP 100 Ml,100ml,7482,https://www.rp-luxury.com/26910-home_default/hamidi-ambre-l-eau-de-aqua-edp-100-ml.jpg
HAMIDI ADDICTION EAU DE PARFUM 100 Ml,100ml,7480,https://www.rp-luxury.com/26902-home_default/hamidi-addiction-eau-de-parfum-100-ml-.jpg
HAMIDI PRESTIGE HONOR EAU DE PARFUM 80 Ml,80ml,7478,https://www.rp-luxury.com/26895-home_default/hamidi-prestige-honor-eau-de-parfum-80-ml.jpg
HAMIDI FUSION ACCORD EAU DE PARFUM 85 Ml,85ml,7477,https://www.rp-luxury.com/26981-home_default/hamidi-fusion-accord-eau-de-parfum-85-ml.jpg
HAMIDI STATUS EAU DE PARFUM 80 Ml,80ml,7476,https://www.rp-luxury.com/26889-home_default/hamidi-status-eau-de-parfum-80-ml-.jpg
HAMIDI FAME EAU DE PARFUM 80 Ml,80ml,7475,https://www.rp-luxury.com/26886-home_default/hamidi-fame-eau-de-parfum-80-ml-.jpg
COACH FOR MEN EAU DE PARFUM,40ml | 100ml,7465,https://www.rp-luxury.com/26839-home_default/coach-for-men-eau-de-parfum.jpg
JEAN PAUL GAULTIER SCANDAL POUR HOMME INTENSE EDP INTENSE,50ml | 100ml,7463,https://www.rp-luxury.com/26827-home_default/jean-paul-gaultier-scandal-pour-homme-intense-edp-intense.jpg
DOLCE & GABBANA K PARFUM 100 Ml,100ml,7454,https://www.rp-luxury.com/26787-home_default/dolce-gabbana-k-parfum-100-ml.jpg
VALENTINO UOMO BORN IN ROMA EDT,50ml | 100ml,7452,https://www.rp-luxury.com/26777-home_default/valentino-uomo-born-in-roma-edt.jpg
VALENTINO UOMO BORN IN ROMA EXTRADOSE PARFUM,50ml | 100ml,7451,https://www.rp-luxury.com/26780-home_default/valentino-uomo-born-in-roma-extradose-parfum.jpg
ARMAF CLUB DE NUIT EDT INTENSE MAN 105 Ml,105ml,7441,https://www.rp-luxury.com/26752-home_default/armaf-club-de-nuit-edt-intense-man-105-ml.jpg
KENZO L' EAU PURE EAU DE PARFUM,30ml | 50ml | 100ml,7437,https://www.rp-luxury.com/26743-home_default/kenzo-l-eau-pure-eau-de-parfum.jpg
VERSACE EROS NAJIM PARFUM,50ml | 100ml | 200ml,7433,https://www.rp-luxury.com/26671-home_default/versace-eros-najim-parfum.jpg
RABANNE INVICTUS VICTORY ABSOLU PARFUM INTENSE,50ml | 100ml | 200ml,7426,https://www.rp-luxury.com/26682-home_default/rabanne-invictus-victory-absolu-parfum-intense-.jpg
CAROLINA HERRERA 212 VIP BLACK RODEO LIMITED EDITION EDP 100 Ml,100ml,7424,https://www.rp-luxury.com/26637-home_default/carolina-herrera-212-vip-black-rodeo-limited-edition-edp-100-ml.jpg
MOLYNEUX QUARTZ ATTRACTION POUR HOMME EDP 100 Ml,100ml,7421,https://www.rp-luxury.com/26632-home_default/molyneux-quartz-attraction-pour-homme-edp-100-ml.jpg
ELIE SAAB L 'HOMME EAU DE PARFUM 100 Ml,100ml,7419,https://www.rp-luxury.com/26625-home_default/elie-saab-l-homme-eau-de-parfum-100-ml.jpg
JIMMY CHOO MAN EXTREME EAU DE PARFUM,30ml | 100ml,7416,https://www.rp-luxury.com/26618-home_default/jimmy-choo-man-extreme-eau-de-parfum.jpg
ARMANI ACQUA DI GIO ELIXIR PARFUM 50 Ml,50ml,7393,https://www.rp-luxury.com/26514-home_default/armani-acqua-di-gio-elixir-parfum-50-ml.jpg
DOLCE & GABBANA LIGHT BLUE HOMME EDICIÓN 2025 EDT,50ml | 100ml | 200ml,7392,https://www.rp-luxury.com/26512-home_default/dolce-gabbana-light-blue-homme-edicion-2025-edt-.jpg
DIESEL ONLY THE BRAVE EAU DE PARFUM 125 Ml,125ml,7372,https://www.rp-luxury.com/26477-home_default/diesel-only-the-brave-eau-de-parfum-125-ml.jpg
RABANNE MILLION GOLD ELIXIR PARFUM INTENSE,50ml | 100ml | 200ml,7351,https://www.rp-luxury.com/26400-home_default/rabanne-million-gold-elixir-parfum-intense.jpg
DOLCE & GABBANA DEVOTION POUR HOMME EDP,50ml | 100ml,7350,https://www.rp-luxury.com/26383-home_default/dolce-gabbana-devotion-pour-homme-edp.jpg
LALIQUE ENCRE INDIGO EAU DE PARFUM,50ml | 100ml,7332,https://www.rp-luxury.com/26356-home_default/lalique-encre-indigo-eau-de-parfum-.jpg
CAROLINA HERRERA BAD BOY ELIXIR EDP,50ml | 100ml | 150ml,7331,https://www.rp-luxury.com/26388-home_default/carolina-herrera-bad-boy-elixir-edp.jpg
BANDERAS THE ICON SUPREME EDP INTENSE,50ml | 100ml,7330,https://www.rp-luxury.com/26393-home_default/banderas-the-icon-supreme-edp-intense.jpg
HAMIDI SUNDOWN EAU DE PARFUM 105 Ml,105ml,7329,https://www.rp-luxury.com/26870-home_default/hamidi-sundown-eau-de-parfum-105-ml-.jpg
HAMIDI FUSION AMITY EAU DE PARFUM 85 Ml,85ml,7328,https://www.rp-luxury.com/26856-home_default/hamidi-fusion-amity-eau-de-parfum-85-ml-.jpg
HAMIDI FARIS EAU DE PARFUM 100 Ml,100ml,7326,https://www.rp-luxury.com/26863-home_default/hamidi-faris-eau-de-parfum-100-ml-.jpg
HAMIDI MAJD AL OUD EAU DE PARFUM 100 Ml,100ml,7325,https://www.rp-luxury.com/26867-home_default/hamidi-majd-al-oud-eau-de-parfum-100-ml.jpg
LATTAFA KHAMRAH QAHWA EDP 100 Ml,100ml,7281,https://www.rp-luxury.com/28695-home_default/lattafa-khamrah-qahwa-edp-100-ml.jpg
LATTAFA BADE'E AL OUD HONOR & GLORY 100 Ml,100ml,7280,https://www.rp-luxury.com/26228-home_default/lattafa-bade-e-al-oud-honor-glory-100-ml.jpg
LATTAFA BADE'E AL OUD SUBLIME EDP 100 Ml,100ml,7279,https://www.rp-luxury.com/28672-home_default/lattafa-bade-e-al-oud-sublime-edp-100-ml.jpg
GIVENCHY GENTLEMAN SOCIETY AMBRÉE EDP,60ml | 100ml,7260,https://www.rp-luxury.com/26350-home_default/givenchy-gentleman-society-ambree-edp.jpg
MONTBLANC VETIVER GLACIER FROZEN SANTAL EDP 125 Ml,125ml,7246,https://www.rp-luxury.com/26132-home_default/montblanc-vetiver-glacier-frozen-santal-edp-125-ml.jpg
HERMES TERRE D'HERMES EAU DE PARFUM INTENSE,50ml | 100ml,7245,https://www.rp-luxury.com/26120-home_default/hermes-terre-d-hermes-eau-de-parfum-intense.jpg
JEAN PAUL GAULTIER LE MALE ELIXIR ABSOLU PARFUM INTENSE,75ml | 125ml,7215,https://www.rp-luxury.com/26027-home_default/jean-paul-gaultier-le-male-elixir-absolu-parfum-intense-.jpg
CAROLINA HERRERA 212 VIP BLACK ELIXIR EDP,50ml | 100ml,7214,https://www.rp-luxury.com/26019-home_default/carolina-herrera-212-vip-black-elixir-edp.jpg
KENZO HOMME INDIGO EAU DE PARFUM,60ml | 110ml,7201,https://www.rp-luxury.com/26072-home_default/kenzo-homme-indigo-eau-de-parfum-.jpg
DIOR HOMME PARFUM,50ml | 75ml,7188,https://www.rp-luxury.com/25135-home_default/dior-homme-parfum.jpg
MUGLER A MEN FANTASM EAU DE PARFUM SENSUELLE,50ml | 100ml,7176,https://www.rp-luxury.com/25077-home_default/mugler-a-men-fantasm-eau-de-parfum-sensuelle.jpg
ARMANI STRONGER WITH YOU PARFUM 100 Ml,100ml,7175,https://www.rp-luxury.com/25075-home_default/armani-stronger-with-you-parfum-100-ml.jpg
YVES SAINT LAURENT MYSLF LE PARFUM,60ml | 100ml,7174,https://www.rp-luxury.com/25069-home_default/yves-saint-laurent-myslf-le-parfum.jpg
RABANNE PHANTOM ELIXIR PARFUM INTENSE,50ml | 100ml,7154,https://www.rp-luxury.com/24911-home_default/rabanne-phantom-elixir-parfum-intense-.jpg
HEAD MOTION EAU DE TOILETTE 100 Ml,100ml,7144,https://www.rp-luxury.com/24865-home_default/head-motion-eau-de-toilette-100-ml.jpg
HEAD FIRE EAU DE TOILETTE 100 Ml,100ml,7143,https://www.rp-luxury.com/24863-home_default/head-fire-eau-de-toilette-100-ml.jpg
LATTAFA ASAD ZANZIBAR EAU DE PARFUM 100 Ml,100ml,7129,https://www.rp-luxury.com/28688-home_default/lattafa-asad-zanzibar-eau-de-parfum-100-ml.jpg
LATTAFA ANA ABIYEDH EAU DE PARFUM 60 Ml,60ml,7128,https://www.rp-luxury.com/28682-home_default/lattafa-ana-abiyedh-eau-de-parfum-60-ml.jpg
LATTAFA MOHRA EAU DE PARFUM 100 Ml,100ml,7127,https://www.rp-luxury.com/28677-home_default/lattafa-mohra-eau-de-parfum-100-ml.jpg
LATTAFA BADEE AL OUD AMETHYST EDP 100 Ml,100ml,7126,https://www.rp-luxury.com/28667-home_default/lattafa-badee-al-oud-amethyst-edp-100-ml.jpg
LATTAFA KHAMRAH EAU DE PARFUM 100 Ml,100ml,7125,https://www.rp-luxury.com/28663-home_default/lattafa-khamrah-eau-de-parfum-100-ml.jpg
CAROLINA HERRERA BAD BOY DAZZLING GARDEN EDT 100 Ml,100ml,7109,https://www.rp-luxury.com/24939-home_default/carolina-herrera-bad-boy-dazzling-garden-edt-100-ml.jpg
VIKTOR & ROLF SPICEBOMB DARK LEATHER EDP,50ml | 90ml | 150ml,7107,https://www.rp-luxury.com/24698-home_default/viktor-rolf-spicebomb-dark-leather-edp.jpg
MESSI EAU DE PARFUM 100 Ml,100ml,7094,https://www.rp-luxury.com/24959-home_default/messi-eau-de-parfum-100-ml.jpg
TOUS KIDS BEAR EAU DE TOILETTE 100 Ml,100ml,7082,https://www.rp-luxury.com/24546-home_default/tous-kids-bear-eau-de-toilette-100-ml.jpg
TOUS MAN SPRITZ EAU DE TOILETTE 100 Ml,100ml,7079,https://www.rp-luxury.com/24540-home_default/tous-man-spritz-eau-de-toilette-100-ml.jpg
TRUSSARDI PRIMO EAU DE PARFUM,30ml | 100ml,7047,https://www.rp-luxury.com/24470-home_default/trussardi-primo-eau-de-parfum.jpg
LACOSTE ORIGINAL EAU DE PARFUM,60ml | 100ml,7046,https://www.rp-luxury.com/24467-home_default/lacoste-original-eau-de-parfum.jpg
TOMMY HILFIGER MEN FOREVER EAU DE TOILETTE,30ml | 100ml,7016,https://www.rp-luxury.com/24369-home_default/tommy-hilfiger-men-forever-eau-de-toilette.jpg
TOMMY HILFIGER IMPACT TOGETHER EDT 100 Ml,100ml,7015,https://www.rp-luxury.com/24367-home_default/tommy-hilfiger-impact-together-edt-100-ml.jpg
VERSACE EROS ENERGY EAU DE PARFUM,50ml | 100ml | 200ml,6980,https://www.rp-luxury.com/24288-home_default/versace-eros-energy-eau-de-parfum.jpg
4711 REMIX GREEN OASIS EAU DE COLOGNE 100 Ml,100ml,6974,https://www.rp-luxury.com/24230-home_default/4711-remix-green-oasis-eau-de-cologne-100-ml.jpg
MICHAEL KORS POUR HOMME,30ml | 50ml | 100ml,6971,https://www.rp-luxury.com/25026-home_default/michael-kors-pour-homme.jpg
ARMANI ACQUA DI GIO PROFONDO EDP 150 Ml RECARGA,150ml,6936,https://www.rp-luxury.com/24160-home_default/armani-acqua-di-gio-profondo-edp-150-ml-recarga.jpg
ARMANI ACQUA DI GIO EAU DE TOILETTE 150 Ml RECARGA,150ml,6934,https://www.rp-luxury.com/24155-home_default/armani-acqua-di-gio-eau-de-toilette-150-ml-recarga.jpg
CAROLINA HERRERA 212 VIP MEN EDT 100 Ml,100ml,6895,https://www.rp-luxury.com/23439-home_default/carolina-herrera-212-vip-men-edt-100-ml.jpg
DIOR SAUVAGE EAU FORTE PARFUM,60ml | 100ml,6893,https://www.rp-luxury.com/23195-home_default/dior-sauvage-eau-forte-parfum.jpg
AZZARO THE MOST WANTED EAU DE TOILETTE INTENSE,50ml | 100ml,6831,https://www.rp-luxury.com/22731-home_default/-azzaro-the-most-wanted-eau-de-toilette-intense.jpg
MONTBLANC PATCHOULI INK DARK WOODS EDP 125 Ml,125ml,6812,https://www.rp-luxury.com/22544-home_default/montblanc-patchouli-ink-dark-woods-edp-125-ml.jpg
MONTBLANC EXTREME LEATHER SMOKED IRIS EDP 125 Ml,125ml,6811,https://www.rp-luxury.com/22542-home_default/montblanc-extreme-leather-smoked-iris-edp-125-ml.jpg
KENZO HOMME SANTAL MARIN EDT 110 Ml,110ml,6789,https://www.rp-luxury.com/22548-home_default/kenzo-homme-santal-marin-edt-110-ml.jpg
ISSEY MIYAKE LE SEL D´ISSEY EDT RECARGABLE,50ml | 100ml,6750,https://www.rp-luxury.com/22444-home_default/issey-miyake-le-sel-dissey-edt-recargable.jpg
ARMANI CODE EAU DE PARFUM RECARGABLE,75ml | 125ml,6746,https://www.rp-luxury.com/24611-home_default/armani-code-eau-de-parfum-recargable.jpg
CALVIN KLEIN CK ONE ESSENCE PARFUM INTENSE 100 Ml,100ml,6743,https://www.rp-luxury.com/22383-home_default/calvin-klein-ck-one-essence-parfum-intense-100-ml-.jpg
RABANNE MILLION GOLD FOR HIM EAU DE PARFUM INTENSE,50ml | 100ml | 200ml,6712,https://www.rp-luxury.com/22424-home_default/rabanne-million-gold-for-him-eau-de-parfum-intense.jpg
JEAN PAUL GAULTIER SCANDAL ABSOLU HIM PARFUM,50ml | 100ml | 150ml,6625,https://www.rp-luxury.com/21805-home_default/jean-paul-gaultier-scandal-absolu-him-parfum.jpg
CAROLINA HERRERA CH BIRDS OF PARADISE FOR HIM EDP 100 Ml,100ml,6617,https://www.rp-luxury.com/21760-home_default/carolina-herrera-ch-birds-of-paradise-for-him-edp-100-ml.jpg
ISSEY MIYAKE POUR HOMME SOLAR LAVENDER EDT INTENSE,50ml | 100ml,6652,https://www.rp-luxury.com/24725-home_default/issey-miyake-pour-homme-solar-lavender-edt-intense.jpg
DIESEL D RED EAU DE PARFUM,50ml | 100ml,6651,https://www.rp-luxury.com/21931-home_default/diesel-d-red-eau-de-parfum.jpg
YVES SAINT LAURENT Y EDP 150 Ml THE REFIIL,150ml,6644,https://www.rp-luxury.com/21898-home_default/yves-saint-laurent-y-edp-150-ml-the-refiil-.jpg
YVES SAINT LAURENT MYSLF EDP 150 Ml REFILL,150ml,6643,https://www.rp-luxury.com/21893-home_default/yves-saint-laurent-myslf-edp-150-ml-refill.jpg
RALPH LAUREN POLO RED EDT 150 Ml REFILL,150ml,6641,https://www.rp-luxury.com/21885-home_default/ralph-lauren-polo-red-edt-150-ml-refill.jpg
DIOR SAUVAGE EDP 300 Ml REFILL RECHARGE,300 ml,6637,https://www.rp-luxury.com/21868-home_default/dior-sauvage-edp-300-ml-refill-recharge.jpg
DIOR HOMME COLOGNE 200 Ml Versión 2022,200ml,6635,https://www.rp-luxury.com/21863-home_default/dior-homme-cologne-200-ml-version-2022.jpg
FERRAGAMO RED LEATHER EAU DE PARFUM,50ml | 100ml,6631,https://www.rp-luxury.com/21841-home_default/ferragamo-red-leather-eau-de-parfum.jpg
NARCISO RODRIGUEZ VETIVER MUSC FOR HIM EDT,50ml | 100ml,6616,https://www.rp-luxury.com/21757-home_default/narciso-rodriguez-vetiver-musc-for-him-edt.jpg
YVES SAINT LAURENT Y L´ELIXIR 60 Ml RECARGABLE,60ml,6608,https://www.rp-luxury.com/21723-home_default/yves-saint-laurent-y-lelixir-60-ml-recargable.jpg
ARMANI ACQUA DI GIO PROFONDO EDP RECARGABLE,50ml | 100ml,6602,https://www.rp-luxury.com/21711-home_default/armani-acqua-di-gio-profondo-edp-recargable.jpg
ARMANI ACQUA DI GIO PARFUM RECARGABLE,50ml | 100ml,,https://www.rp-luxury.com/21709-home_default/armani-acqua-di-gio-parfum-recargable.jpg
ARMANI ACQUA DI GIO EAU DE PARFUM,50ml | 100ml | 200ml,6600,https://www.rp-luxury.com/21707-home_default/armani-acqua-di-gio-eau-de-parfum.jpg
RABANNE INVICTUS PARFUM,50ml | 100ml | 200ml,6483,https://www.rp-luxury.com/26697-home_default/rabanne-invictus-parfum.jpg
MONTBLANC LEGEND BLUE EDP,30ml | 100ml,6594,https://www.rp-luxury.com/21688-home_default/montblanc-legend-blue-edp.jpg
DOLCE & GABBANA K POUR HOMME EDP INTENSE,50ml | 100ml,6586,https://www.rp-luxury.com/21668-home_default/dolce-gabbana-k-pour-homme-edp-intense.jpg
RALPH LAUREN POLO 67 EDT,75ml | 125ml,6538,https://www.rp-luxury.com/21308-home_default/ralph-lauren-polo-67-edt.jpg
BURBERRY HERO PARFUM,50ml | 100ml,6499,https://www.rp-luxury.com/21059-home_default/burberry-hero-parfum.jpg
BOSS BOTTLED ELIXIR PARFUM INTENSE,50ml | 100ml,6498,https://www.rp-luxury.com/21054-home_default/boss-bottled-elixir-parfum-intense.jpg
LACOSTE RED EAU DE TOILETTE 125 Ml,125ml,6496,https://www.rp-luxury.com/21050-home_default/lacoste-red-eau-de-toilette-125-ml.jpg
LACOSTE L.12.12 BLANC EAU INTENSE EDT 100 Ml,100ml,6491,https://www.rp-luxury.com/24948-home_default/lacoste-l1212-blanc-eau-intense-edt-100-ml.jpg
HERMES H24 HERBES VIVES EDP RECARGABLE,50ml | 100ml,6482,https://www.rp-luxury.com/20622-home_default/hermes-h24-herbes-vives-edp-recargable.jpg
YVES SAINT LAURENT MYSLF EDP RECARGABLE,60ml | 100ml,6425,https://www.rp-luxury.com/20351-home_default/yves-saint-laurent-myslf-edp-recargable.jpg
JEAN PAUL GAULTIER LE BEAU PARADISE GARDEN EDP,75ml | 125ml,6401,https://www.rp-luxury.com/20290-home_default/jean-paul-gaultier-le-beau-paradise-garden-edp.jpg
CAROLINA HERRERA BAD BOY COBALT ELIXIR EDP ELIXIR,50ml | 100ml | 150ml,6398,https://www.rp-luxury.com/20279-home_default/carolina-herrera-bad-boy-cobalt-elixir-edp-elixir.jpg
RABANNE PHANTOM EDP INTENSE REFILL BOTTLE 200 Ml,200ml,6397,https://www.rp-luxury.com/20254-home_default/rabanne-phantom-edp-intense-refill-bottle-200-ml.jpg
RABANNE PHANTOM EDP INTENSE REFILLABLE 150 Ml,150ml,6396,https://www.rp-luxury.com/20247-home_default/rabanne-phantom-edp-intense-refillable-150-ml.jpg
RABANNE PHANTOM EAU DE PARFUM INTENSE,50ml | 100ml,6395,https://www.rp-luxury.com/20241-home_default/rabanne-phantom-eau-de-parfum-intense-.jpg
AZZARO WANTED EAU DE PARFUM,50ml | 100ml,6384,https://www.rp-luxury.com/20189-home_default/azzaro-wanted-eau-de-parfum.jpg
RALPH LAUREN RALPH´S CLUB ELIXIR PARFUM CONCENTRE 75 Ml,75ml,6383,https://www.rp-luxury.com/20187-home_default/ralph-lauren-ralphs-club-elixir-parfum-concentre-75-ml.jpg
LAPIDUS COOL NIGHT EAU DE PARFUM 100 Ml,100ml,6361,https://www.rp-luxury.com/20105-home_default/lapidus-cool-night-eau-de-parfum-100-ml.jpg
JEAN PAUL GAULTIER LE MALE ELIXIR PARFUM,75ml | 125ml | 200ml,6358,https://www.rp-luxury.com/24744-home_default/jean-paul-gaultier-le-male-elixir-parfum.jpg
KARL LAGERFELD MATIERES BOIS DE YUZU EDT 100 Ml,100ml,6267,https://www.rp-luxury.com/19501-home_default/karl-lagerfeld-matieres-bois-de-yuzu-edt-100-ml.jpg
RALPH LAUREN POLO EAU DE TOILETTE,40ml | 125ml,6247,https://www.rp-luxury.com/19410-home_default/ralph-lauren-polo-eau-de-toilette-.jpg
DIOR SAUVAGE PARFUM 30 Ml RECARGABLE,30ml,6246,https://www.rp-luxury.com/19408-home_default/dior-sauvage-parfum-30-ml-recargable.jpg
DIOR SAUVAGE EAU DE PARFUM 30 Ml RECARGABLE,30ml,6245,https://www.rp-luxury.com/19406-home_default/dior-sauvage-eau-de-parfum-30-ml-recargable.jpg
GUY LAROCHE DRAKKAR NOIR EDT,100ml | 200ml,6239,https://www.rp-luxury.com/24679-home_default/guy-laroche-drakkar-noir-edt-.jpg
RABANNE INVICTUS VICTORY ELIXIR PARFUM INTENSE 200 Ml,200ml,6404,https://www.rp-luxury.com/27761-home_default/rabanne-invictus-victory-elixir-parfum-intense-200-ml.jpg
VIKTOR & ROLF SPICEBOMB EAU DE TOILETTE,50ml | 90ml,7409,https://www.rp-luxury.com/26605-home_default/viktor-rolf-spicebomb-eau-de-toilette.jpg
MONTBLANC BLACK MEISTERSTUCK ABSOLUTE INCENSE EDP 125 Ml,125ml,7311,https://www.rp-luxury.com/26306-home_default/montblanc-black-meisterstuck-absolute-incense-edp-125-ml.jpg
DOLCE & GABBANA LIGHT BLUE SUMMER VIBES POUR HOMME EDT 125 Ml,125ml,7276,https://www.rp-luxury.com/26217-home_default/dolce-gabbana-light-blue-summer-vibes-pour-homme-edt-125-ml.jpg
GIVENCHY GENTLEMAN ORIGINAL EDT 100 Ml,100ml,7261,https://www.rp-luxury.com/26182-home_default/givenchy-gentleman-original-edt-100-ml.jpg
CAROLINA HERRERA 212 VIP MEN EAU DE TOILETTE 200 Ml,200ml,7241,https://www.rp-luxury.com/27272-home_default/carolina-herrera-212-vip-men-eau-de-toilette-200-ml-.jpg
TOMMY HILFIGER TOMMY MEN EDT 100 Ml,100ml,7138,https://www.rp-luxury.com/28862-home_default/tommy-hilfiger-tommy-men-edt-100-ml.jpg
4711 ORIGINAL EAU DE COLOGNE 100 Ml,100ml,7121,https://www.rp-luxury.com/24808-home_default/4711-original-eau-de-cologne-100-ml.jpg
TOUS KIDS BOY EAU DE TOILETTE 100 Ml,100ml,7081,https://www.rp-luxury.com/24544-home_default/tous-kids-boy-eau-de-toilette-100-ml.jpg
LACOSTE BOOSTER EDT 125 Ml,125ml,6593,https://www.rp-luxury.com/24872-home_default/lacoste-booster-edt-125-ml.jpg
LACOSTE L12.12 BLANC EAU FRAICHE EDT 100 Ml,100ml,6591,https://www.rp-luxury.com/24947-home_default/lacoste-l1212-blanc-eau-fraiche-edt-100-ml.jpg
LACOSTE L12.12 BLANC EDP 100 Ml,100ml,6590,https://www.rp-luxury.com/24952-home_default/lacoste-l1212-blanc-edp-100-ml.jpg
LACOSTE ESSENTIAL EAU DE TOILETTE 125 Ml,125ml,6495,https://www.rp-luxury.com/24943-home_default/lacoste-essential-eau-de-toilette-125-ml.jpg
LACOSTE L.12.12 NOIR EAU DE TOILETTE 100 Ml,100ml,6493,https://www.rp-luxury.com/24950-home_default/lacoste-l1212-noir-eau-de-toilette-100-ml.jpg
VIKTOR & ROLF SPICEBOMB INFRARED EDP,50ml | 90ml,6175,https://www.rp-luxury.com/19178-home_default/viktor-rolf-spicebomb-infrared-edp.jpg
GUY LAROCHE DRAKKAR INTENSE EDP 100 Ml,100ml,6174,https://www.rp-luxury.com/19176-home_default/guy-laroche-drakkar-intense-edp-100-ml.jpg
COACH GREEN EAU DE TOILETTE,40ml | 100ml,6172,https://www.rp-luxury.com/19170-home_default/coach-green-eau-de-toilette.jpg
HALLOWEEN MAN MYSTERY EAU DE PARFUM,75ml | 125ml,6168,https://www.rp-luxury.com/24680-home_default/halloween-man-mystery-eau-de-parfum.jpg
BURBERRY HERO EAU DE PARFUM,50ml | 100ml,6167,https://www.rp-luxury.com/19157-home_default/burberry-hero-eau-de-parfum.jpg
ABERCROMBIE & FITCH AUTHENTIC SELF MAN EDT 100 Ml,100ml,6098,https://www.rp-luxury.com/18976-home_default/abercrombie-fitch-authentic-self-man-edt-100-ml.jpg
ISSEY MIYAKE POUR HOMME INTENSE EDT 125 Ml,125ml,6085,https://www.rp-luxury.com/18938-home_default/issey-miyake-pour-homme-intense-edt-125-ml.jpg
AZZARO CHROME PARFUM 100 Ml,100ml,6084,https://www.rp-luxury.com/21146-home_default/azzaro-chrome-parfum-100-ml.jpg
TOMMY HILFIGER IMPACT SPARK EDT,50ml | 100ml,6057,https://www.rp-luxury.com/18826-home_default/tommy-hilfiger-impact-spark-edt.jpg
CARTIER DECLARATION EAU DE TOILETTE 100 Ml,100ml,6053,https://www.rp-luxury.com/24649-home_default/cartier-declaration-eau-de-toilette-100-ml.jpg
MONTBLANC EXPLORER PLATINUM EDP,30ml | 60ml | 100ml,6044,https://www.rp-luxury.com/18807-home_default/montblanc-explorer-platinum-edp.jpg
KENZO HOMME EAU DE TOILETTE MARINE,60ml | 110ml,6043,https://www.rp-luxury.com/18793-home_default/kenzo-homme-eau-de-toilette-marine.jpg
CALVIN KLEIN EVERYONE EAU DE PARFUM,100ml | 200ml,6036,https://www.rp-luxury.com/18762-home_default/calvin-klein-everyone-eau-de-parfum.jpg
HUGO BOSS HUGO JEANS EAU DE TOILETTE 125 Ml,125ml,6033,https://www.rp-luxury.com/18758-home_default/hugo-boss-hugo-jeans-eau-de-toilette-125-ml.jpg
CAROLINA HERRERA CH PASIÓN MEN EDP 100 Ml,100ml,6027,https://www.rp-luxury.com/18589-home_default/carolina-herrera-ch-pasion-men-edp-100-ml.jpg
RABANNE MILLION ROYAL PARFUM,50ml | 100ml | 200ml,6025,https://www.rp-luxury.com/27263-home_default/rabanne-million-royal-parfum.jpg
ISSEY MIYAKE HOMME VETIVER EDT INTENSE,50ml | 100ml,5998,https://www.rp-luxury.com/24720-home_default/issey-miyake-homme-vetiver-edt-intense.jpg
GIVENCHY GENTLEMAN SOCIETY EAU DE PARFUM,60ml | 100ml,5992,https://www.rp-luxury.com/19638-home_default/givenchy-gentleman-society-eau-de-parfum.jpg
JEAN PAUL GAULTIER SCANDAL LE PARFUM EDP INTENSE,50ml | 100ml | 150ml,5991,https://www.rp-luxury.com/24741-home_default/jean-paul-gaultier-scandal-le-parfum-edp-intense.jpg
RALPH LAUREN POLO RED PARFUM,125ml | 200ml,5990,https://www.rp-luxury.com/18418-home_default/ralph-lauren-polo-red-parfum-.jpg
DIESEL D BY EAU DE TOILETTE,50ml | 100ml,5982,https://www.rp-luxury.com/18404-home_default/diesel-d-by-eau-de-toilette.jpg
RABANNE INVICTUS VICTORY ELIXIR PARFUM INTENSE,50ml | 100ml,5964,https://www.rp-luxury.com/27760-home_default/rabanne-invictus-victory-elixir-parfum-intense.jpg
CARTIER PASHA NOIR ABSOLU PARFUM 100 Ml,100ml,5935,https://www.rp-luxury.com/21196-home_default/cartier-pasha-noir-absolu-parfum-100-ml.jpg
BENTLEY BLACK EDITION FOR MEN EDP 100 Ml,100ml,5931,https://www.rp-luxury.com/18268-home_default/bentley-black-edition-for-men-edp-100-ml.jpg
FERRAGAMO POUR HOMME EAU DE TOILETTE,30ml | 50ml | 100ml,5924,https://www.rp-luxury.com/18256-home_default/ferragamo-pour-homme-eau-de-toilette.jpg
ARMANI CODE POUR HOMME EAU DE TOILETTE RECARGABLE,50ml | 75ml | 125ml,5916,https://www.rp-luxury.com/18239-home_default/armani-code-pour-homme-eau-de-toilette-recargable.jpg
YVES SAINT LAURENT Y EAU DE PARFUM INTENSE,60ml | 100ml,5878,https://www.rp-luxury.com/18124-home_default/yves-saint-laurent-y-eau-de-parfum-intense-.jpg
RALPH LAUREN POLO BLUE PARFUM 125 Ml,125ml,5868,https://www.rp-luxury.com/18061-home_default/ralph-lauren-polo-blue-parfum-125-ml.jpg
DIESEL FUEL FOR LIFE EAU DE TOILETTE 125 Ml,125ml,5831,https://www.rp-luxury.com/17767-home_default/diesel-fuel-for-life-eau-de-toilette-125-ml.jpg
RALPH LAUREN RALPH´S CLUB PARFUM,50ml | 100ml,5816,https://www.rp-luxury.com/17670-home_default/ralph-lauren-ralphs-club-parfum.jpg
BOUCHERON SINGULIER POUR HOMME EDP,50ml | 100ml,5814,https://www.rp-luxury.com/17665-home_default/boucheron-singulier-pour-homme-edp.jpg
ISSEY MIYAKE POUR HOMME SPORT EDT 100 Ml,100ml,5789,https://www.rp-luxury.com/24723-home_default/issey-miyake-pour-homme-sport-edt-100-ml.jpg
ARMANI CODE HOMME PARFUM,75ml | 125ml,5782,https://www.rp-luxury.com/17577-home_default/armani-code-homme-parfum.jpg
HALLOWEEN MAN X EAU DE TOILETTE 125 Ml,125ml,5735,https://www.rp-luxury.com/18887-home_default/halloween-man-x-eau-de-toilette-125-ml.jpg
BOSS BOTTLED EAU DE PARFUM,50ml | 100ml,6351,https://www.rp-luxury.com/24707-home_default/boss-bottled-eau-de-parfum-.jpg
BOSS BOTTLED EAU DE TOILETTE,50ml | 200ml,6350,https://www.rp-luxury.com/24709-home_default/boss-bottled-eau-de-toilette.jpg
RABANNE PHANTOM PARFUM,100ml | 150ml,6322,https://www.rp-luxury.com/19663-home_default/rabanne-phantom-parfum.jpg
CAROLINA HERRERA BAD BOY POWER FRESH EDT 100 Ml,100ml,6321,https://www.rp-luxury.com/24639-home_default/carolina-herrera-bad-boy-power-fresh-edt-100-ml.jpg
CAROLINA HERRERA 212 VIP MEN EDT 50 Ml,50ml,6313,https://www.rp-luxury.com/19650-home_default/carolina-herrera-212-vip-men-edt-50-ml.jpg
ARMANI ACQUA DI GIO POUR HOMME EDT,50ml | 100ml,6287,https://www.rp-luxury.com/19572-home_default/armani-acqua-di-gio-pour-homme-edt-.jpg
MUGLER ALIEN MAN EAU DE TOILETTE 50 Ml,50ml,6286,https://www.rp-luxury.com/25052-home_default/mugler-alien-man-eau-de-toilette-50-ml.jpg
CAROLINA HERRERA  CH MEN EAU DE TOILETTE 50 Ml,50ml,6177,https://www.rp-luxury.com/19193-home_default/carolina-herrera-ch-men-eau-de-toilette-50-ml.jpg
KENZO L´ EAU KENZO EAU DE TOILETTE BOISÉE,30ml | 50ml,5713,https://www.rp-luxury.com/21126-home_default/kenzo-l-eau-kenzo-eau-de-toilette-boisee.jpg
RALPH LAUREN POLO ULTRA BLUE EDT,75ml | 125ml,5697,https://www.rp-luxury.com/19206-home_default/ralph-lauren-polo-ultra-blue-edt.jpg
HALLOWEEN MAN ROCK ON EAU DE TOILETTE,75ml | 125ml,5665,https://www.rp-luxury.com/16072-home_default/halloween-man-rock-on-eau-de-toilette.jpg
COACH OPEN ROAD EAU DE TOILETTE,60ml | 100ml,5619,https://www.rp-luxury.com/15776-home_default/coach-open-road-eau-de-toilette.jpg
ROCHAS MOUSTACHE MAN EDP 125 Ml,125ml,5594,https://www.rp-luxury.com/18879-home_default/rochas-moustache-man-edp-125-ml.jpg
HERMES H24 EAU DE PARFUM REFILLABLE,50ml | 100ml,5578,https://www.rp-luxury.com/24706-home_default/hermes-h24-eau-de-parfum-refillable.jpg
BENTLEY SILVERLAKE EAU DE PARFUM 100 Ml,100ml,5526,https://www.rp-luxury.com/24624-home_default/bentley-silverlake-eau-de-parfum-100-ml.jpg
JAGUAR FOR MEN EAU DE TOILETTE 100 Ml,100ml,5525,https://www.rp-luxury.com/15492-home_default/jaguar-for-men-eau-de-toilette-100-ml.jpg
JAGUAR CLASSIC EAU DE TOILETTE 100 Ml,100ml,5524,https://www.rp-luxury.com/15488-home_default/jaguar-classic-eau-de-toilette-100-ml.jpg
4711 REMIX COLOGNE NEROLI EDC 100 Ml,100ml,5622,https://www.rp-luxury.com/24600-home_default/4711-remix-cologne-neroli-edc-100-ml.jpg
YVES SAINT LAURENT Y LE PARFUM EDP POUR HOMME,60ml | 100ml,,https://www.rp-luxury.com/15459-home_default/yves-saint-laurent-y-le-parfum-edp-pour-homme.jpg
ABERCROMBIE & FITCH AWAY MEN EAU DE TOILETTE,100ml,5493,https://www.rp-luxury.com/21178-home_default/abercrombie-fitch-away-men-eau-de-toilette-.jpg
ABERCROMBIE & FITCH AUTHENTIC MOMENT MEN EDT,30ml | 100ml,5491,https://www.rp-luxury.com/15367-home_default/abercrombie-fitch-authentic-moment-men-edt.jpg
DUNHILL DRIVEN BLUE EAU DE TOILETTE 100 Ml,100ml,5488,https://www.rp-luxury.com/15361-home_default/dunhill-driven-blue-eau-de-toilette-100-ml.jpg
AZZARO CHROME UNDER POLE EAU DE TOILETTE 100 Ml,100ml,5570,https://www.rp-luxury.com/15623-home_default/azzaro-chrome-under-pole-eau-de-toilette-100-ml.jpg
JIMMY CHOO MAN AQUA EAU DE TOILETTE,50ml | 100ml,5446,https://www.rp-luxury.com/24746-home_default/jimmy-choo-man-aqua-eau-de-toilette.jpg
AZZARO THE MOST WANTED PARFUM,100ml,5431,https://www.rp-luxury.com/21147-home_default/azzaro-the-most-wanted-parfum.jpg
CAROLINA HERRERA BAD BOY COBALT EAU DE PARFUM,50ml | 100ml | 150ml,5319,https://www.rp-luxury.com/14470-home_default/carolina-herrera-bad-boy-cobalt-eau-de-parfum.jpg
RABANNE INVICTUS PLATINUM EAU DE PARFUM,50ml | 100ml | 200ml,5304,https://www.rp-luxury.com/15123-home_default/rabanne-invictus-platinum-eau-de-parfum.jpg
DAVIDOFF COOL WATER REBORN EAU DE TOILETTE FOR HIM,75ml | 125ml,5411,https://www.rp-luxury.com/15108-home_default/davidoff-cool-water-reborn-eau-de-toilette-for-him.jpg
ISSEY MIYAKE L`DISSEY EAU & CEDRE EDT INTENSE,50ml | 100ml,5401,https://www.rp-luxury.com/24721-home_default/issey-miyake-ldissey-eau-cedre-edt-intense.jpg
KENZO POUR HOMME EAU DE PARFUM,60ml | 110ml,5383,https://www.rp-luxury.com/14892-home_default/kenzo-pour-homme-eau-de-parfum.jpg
AZZARO CHROME EAU DE PARFUM,50ml | 100ml,5371,https://www.rp-luxury.com/24613-home_default/azzaro-chrome-eau-de-parfum.jpg
NARCISO RODRIGUEZ BLEU NOIR EAU DE TOILETTE 100 Ml,100ml,5369,https://www.rp-luxury.com/15304-home_default/narciso-rodriguez-bleu-noir-eau-de-toilette-100-ml.jpg
DIOR HOMME SPORT EDICION 2021 EDT,75ml | 125ml | 200ml,5360,https://www.rp-luxury.com/14729-home_default/dior-homme-sport-edicion-2021-edt.jpg
FERRAGAMO BRIGHT LEATHER EAU DE TOILETTE,30ml | 50ml | 100ml,5356,https://www.rp-luxury.com/14692-home_default/ferragamo-bright-leather-eau-de-toilette-.jpg
HERMES EAU DE BASILIC POURPRE COLOGNE 100 Ml,100ml,5355,https://www.rp-luxury.com/24685-home_default/hermes-eau-de-basilic-pourpre-cologne-100-ml.jpg
HERMES TERRE EAU GIVREE EAU DE PARFUM RECARGABLE,50ml | 100ml,5354,https://www.rp-luxury.com/21221-home_default/hermes-terre-eau-givree-eau-de-parfum-recargable.jpg
YVES SAINT LAURENT Y EDICION 2022 EAU DE TOILETTE,60ml | 100ml,5329,https://www.rp-luxury.com/14547-home_default/yves-saint-laurent-y-edicion-2022-eau-de-toilette.jpg
ARMANI ACQUA DI GIO EAU DE PARFUM,40ml | 75ml | 125ml,5328,https://www.rp-luxury.com/14539-home_default/armani-acqua-di-gio-eau-de-parfum.jpg
KENZO HOMME 2022 EAU DE TOILETTE,40ml | 60ml | 110ml,5327,https://www.rp-luxury.com/14526-home_default/kenzo-homme-2022-eau-de-toilette.jpg
MONTBLANC LEGEND RED EAU DE PARFUM,30ml | 100ml,,https://www.rp-luxury.com/14514-home_default/montblanc-legend-red-eau-de-parfum.jpg
TOUS MAN CHILL EAU DE TOILETTE 100 Ml,100ml,5321,https://www.rp-luxury.com/14491-home_default/tous-man-chill-eau-de-toilette-100-ml.jpg
JEAN PAUL GAULTIER SCANDAL POUR HOMME EDT 200 Ml,200ml,5320,https://www.rp-luxury.com/14474-home_default/jean-paul-gaultier-scandal-pour-homme-edt-200-ml.jpg
CAROLINA HERRERA BAD BOY LE PARFUM 150 Ml,150ml,5250,https://www.rp-luxury.com/24644-home_default/carolina-herrera-bad-boy-le-parfum-150-ml.jpg
CARTIER DECLARATION HAUTE FRAICHEUR EDT 100 Ml,100ml,5316,https://www.rp-luxury.com/14364-home_default/cartier-declaration-haute-fraicheur-edt-100-ml.jpg
NARCISO RODRIGUEZ BLEU NOIR PARFUM,50ml | 100ml,5314,https://www.rp-luxury.com/14353-home_default/narciso-rodriguez-bleu-noir-parfum.jpg
GIVENCHY GENTLEMAN RESERVE PRIVÉE EAU DE PARFUM,60ml | 100ml,5309,https://www.rp-luxury.com/14338-home_default/givenchy-gentleman-reserve-privee-eau-de-parfum.jpg
JEAN PAUL GAULTIER LE BEAU LE PARFUM INTENSE EDP,75ml | 125ml,5306,https://www.rp-luxury.com/14123-home_default/jean-paul-gaultier-le-beau-le-parfum-intense-edp.jpg
RABANNE 1 MILLION ELIXIR PARFUM INTENSE,50ml | 100ml | 200ml,5280,https://www.rp-luxury.com/27243-home_default/rabanne-1-million-elixir-parfum-intense.jpg
DIOR SAUVAGE ELIXIR EAU DE PARFUM 60 Ml,60ml,5242,https://www.rp-luxury.com/24653-home_default/dior-sauvage-elixir-eau-de-parfum-60-ml.jpg
DIESEL SOUND OF THE BRAVE EAU DE TOILETTE 125 Ml,125ml,5226,https://www.rp-luxury.com/13421-home_default/diesel-sound-of-the-brave-eau-de-toilette-125-ml.jpg
AZZARO CHROME EAU DE TOILETTE 100 Ml,100ml,5223,https://www.rp-luxury.com/13409-home_default/azzaro-chrome-eau-de-toilette-100-ml.jpg
SALVATORE FERRAGAMO FERRAGAMO INTENSE LEATHER EDP,30ml | 50ml | 100ml,5008,https://www.rp-luxury.com/11960-home_default/salvatore-ferragamo-ferragamo-intense-leather-edp.jpg
DOLCE & GABBANA THE ONE GOLD FOR MEN EDP,50ml | 75ml,5002,https://www.rp-luxury.com/12114-home_default/dolce-gabbana-the-one-gold-for-men-edp.jpg
BVLGARI MAN TERRAE ESSENCE EDP,60ml | 100ml,4934,https://www.rp-luxury.com/11507-home_default/bvlgari-man-terrae-essence-edp.jpg
JEAN PAUL GAULTIER SCANDAL POUR HOMME EDT RECARGABLE 150 Ml,150ml,4933,https://www.rp-luxury.com/11503-home_default/jean-paul-gaultier-scandal-pour-homme-edt-recargable-150-ml.jpg
JEAN PAUL GAULTIER SCANDAL POUR HOMME EDT,50ml | 100ml,4932,https://www.rp-luxury.com/11499-home_default/jean-paul-gaultier-scandal-pour-homme-edt-.jpg
RABANNE PHANTOM EDT RECARGABLE 150 Ml,150ml,4931,https://www.rp-luxury.com/11493-home_default/rabanne-phantom-edt-recargable-150-ml.jpg
BURBERRY HERO EAU DE TOILETTE,100ml,4962,https://www.rp-luxury.com/11609-home_default/burberry-hero-eau-de-toilette.jpg
AZZARO SPORT EAU DE TOILETTE 100 Ml,100ml,4912,https://www.rp-luxury.com/15300-home_default/azzaro-sport-eau-de-toilette-100-ml.jpg
DSQUARED2 WOOD GREEN EAU DE TOILETTE,30ml | 50ml | 100ml,4874,https://www.rp-luxury.com/11194-home_default/dsquared2-wood-green-eau-de-toilette.jpg
DIESEL SPIRIT OF THE BRAVE EAU DE TOILETTE,35ml | 75ml | 125ml,4860,https://www.rp-luxury.com/11160-home_default/diesel-spirit-of-the-brave-eau-de-toilette.jpg
DIESEL BAD EAU DE TOILETTE 100 Ml,100ml,4858,https://www.rp-luxury.com/11154-home_default/diesel-bad-eau-de-toilette-100-ml.jpg
VIKTOR & ROLF SPICEBOMB INFRARED EDT,50ml | 90ml,4857,https://www.rp-luxury.com/11149-home_default/viktor-rolf-spicebomb-infrared-edt-.jpg
RABANNE PHANTOM EAU DE TOILETTE,50ml | 100ml,4831,https://www.rp-luxury.com/21069-home_default/rabanne-phantom-eau-de-toilette.jpg
KENZO HOMME EAU DE TOILETTE INTENSE,60ml | 110ml,4852,https://www.rp-luxury.com/24871-home_default/kenzo-homme-eau-de-toilette-intense.jpg
CALVIN KLEIN DEFY EAU DE TOILETTE,50ml | 100ml,4848,https://www.rp-luxury.com/24632-home_default/calvin-klein-defy-eau-de-toilette.jpg
AZZARO THE MOST WANTED INTENSE EAU DE PARFUM,50ml | 100ml,4847,https://www.rp-luxury.com/24619-home_default/azzaro-the-most-wanted-intense-eau-de-parfum.jpg
RALPH LAUREN RALPH'S CLUB EAU DE PARFUM,50ml | 100ml,4845,https://www.rp-luxury.com/11023-home_default/ralph-lauren-ralph-s-club-eau-de-parfum.jpg
MONTBLANC EXPLORER ULTRA BLUE EAU DE PARFUM,30ml | 60ml | 100ml,4843,https://www.rp-luxury.com/11016-home_default/montblanc-explorer-ultra-blue-eau-de-parfum.jpg
ARMANI ACQUA DI GIO HOMME ABSOLU EDP 40 Ml,40ml,4823,https://www.rp-luxury.com/13602-home_default/armani-acqua-di-gio-homme-absolu-edp-40-ml.jpg
KENZO AQUA HOMME EAU DE TOILETTE,30ml | 50ml | 100ml,4813,https://www.rp-luxury.com/29333-home_default/kenzo-aqua-homme-eau-de-toilette.jpg
DAVIDOFF COOL WATER PARFUM,50ml | 100ml,4790,https://www.rp-luxury.com/21214-home_default/davidoff-cool-water-parfum.jpg
GUERLAIN L´HOMME IDEAL INTENSE EDP,50ml | 100ml,4786,https://www.rp-luxury.com/24675-home_default/guerlain-lhomme-ideal-intense-edp-.jpg
GIVENCHY GENTLEMAN EAU DE TOILETTE x 50 ml,50ml,4745,https://www.rp-luxury.com/11409-home_default/givenchy-gentleman-eau-de-toilette-x-50-ml.jpg
BVLGARI MAN WOOD ESSENCE EAU DE PARFUM 150 Ml,150ml,4722,https://www.rp-luxury.com/21189-home_default/bvlgari-man-wood-essence-eau-de-parfum-150-ml.jpg
HALLOWEEN MAN HERO EAU DE TOILETTE 125 Ml,125ml,4714,https://www.rp-luxury.com/21220-home_default/halloween-man-hero-eau-de-toilette-125-ml.jpg
VERSACE THE DREAMER EAU DE TOILETTE 100 Ml,100ml,4704,https://www.rp-luxury.com/14637-home_default/versace-the-dreamer-eau-de-toilette-100-ml.jpg
ISSEY MIYAKE L'EAU D'ISSEY POUR HOMME EDT 200 Ml,200ml,4673,https://www.rp-luxury.com/24732-home_default/issey-miyake-l-eau-d-issey-pour-homme-edt-200-ml.jpg
GIVENCHY GENTLEMAN EAU DE TOILETTE INTENSE,60ml | 100ml,4640,https://www.rp-luxury.com/10364-home_default/givenchy-gentleman-eau-de-toilette-intense.jpg
CALVIN KLEIN EUPHORIA MEN EAU DE TOILETTE,50ml,4625,https://www.rp-luxury.com/24630-home_default/calvin-klein-euphoria-men-eau-de-toilette-.jpg
BURBERRY BRIT FOR HIM EAU DE TOILETTE,50ml | 100ml,4622,https://www.rp-luxury.com/10334-home_default/burberry-brit-for-him-eau-de-toilette.jpg
RABANNE INVICTUS VICTORY EAU DE PARFUM,50ml | 100ml | 200ml,4618,https://www.rp-luxury.com/26693-home_default/rabanne-invictus-victory-eau-de-parfum.jpg
CAROLINA HERRERA BAD BOY LE PARFUM,50ml | 100ml,4617,https://www.rp-luxury.com/10312-home_default/carolina-herrera-bad-boy-le-parfum.jpg
CREED AVENTUS COLOGNE EAU DE PARFUM 100 Ml,100ml,4578,https://www.rp-luxury.com/21212-home_default/creed-aventus-cologne-eau-de-parfum-100-ml.jpg
LOLITA LEMPICKA HOMME EAU DE TOILETTE,50ml | 100ml,4567,https://www.rp-luxury.com/10109-home_default/lolita-lempicka-homme-eau-de-toilette.jpg
KENZO L'EAU INTENSE POUR HOMME EAU DE TOILETTE,50ml,4498,https://www.rp-luxury.com/9950-home_default/kenzo-l-eau-intense-pour-homme-eau-de-toilette.jpg
TOUS BABY TOUS EAU DE COLOGNE SPRAY 100 Ml,100ml,4462,https://www.rp-luxury.com/9821-home_default/tous-baby-tous-eau-de-cologne-spray-100-ml.jpg
CAROLINA HERRERA 212 HEROES EAU DE TOILETTE,50ml | 90ml | 150ml,4422,https://www.rp-luxury.com/13917-home_default/carolina-herrera-212-heroes-eau-de-toilette-.jpg
RALPH LAUREN POLO RED EAU DE PARFUM,200ml,4420,https://www.rp-luxury.com/9707-home_default/ralph-lauren-polo-red-eau-de-parfum.jpg
VERSACE EROS EAU DE PARFUM,50ml | 100ml,4451,https://www.rp-luxury.com/9789-home_default/versace-eros-eau-de-parfum.jpg
HERMES H24 EAU DE TOILETTE,50ml | 100ml,4444,https://www.rp-luxury.com/24686-home_default/hermes-h24-eau-de-toilette-.jpg
ISSEY MIYAKE IM FUSION D'ISSEY EAU DE TOILETTE,50ml | 100ml,4418,https://www.rp-luxury.com/9658-home_default/issey-miyake-im-fusion-d-issey-eau-de-toilette-.jpg
RABANNE ONE MILLION EAU DE TOILETTE,50ml | 100ml,4298,https://www.rp-luxury.com/27229-home_default/rabanne-one-million-eau-de-toilette-.jpg
GUERLAIN L HOMME IDEAL EAU DE PARFUM,50ml | 100ml,4162,https://www.rp-luxury.com/29334-home_default/guerlain-l-homme-ideal-eau-de-parfum.jpg
ISSEY MIYAKE POUR HOMME IGO EDT 80 Ml + 20 Ml,80ml,4116,https://www.rp-luxury.com/24735-home_default/issey-miyake-pour-homme-igo-edt-80-ml-20-ml.jpg
MONTBLANC LEGEND EAU DE PARFUM,50ml | 100ml,4085,https://www.rp-luxury.com/25038-home_default/montblanc-legend-eau-de-parfum.jpg
LALIQUE ENCRE NOIRE HOMME EAU DE TOILETTE,50ml | 100ml,4059,https://www.rp-luxury.com/20049-home_default/lalique-encre-noire-homme-eau-de-toilette.jpg
JAGUAR MEN EVOLUTION EAU DE TOILETTE 100 Ml,100ml,4051,https://www.rp-luxury.com/24739-home_default/jaguar-men-evolution-eau-de-toilette-100-ml.jpg
JAGUAR CLASSIC CHROMITE EAU DE TOILETTE 100 Ml,100ml,4048,https://www.rp-luxury.com/17393-home_default/jaguar-classic-chromite-eau-de-toilette-100-ml.jpg
JEAN PAUL GAULTIER LE MALE LE PARFUM EDP,75ml | 125ml | 200ml,3952,https://www.rp-luxury.com/8286-home_default/jean-paul-gaultier-le-male-le-parfum-edp.jpg
CALVIN KLEIN CK BE EAU DE TOILETTE 200 Ml,200ml,3049,https://www.rp-luxury.com/19423-home_default/calvin-klein-ck-be-eau-de-toilette-200-ml.jpg
YVES SAINT LAURENT L'HOMME COLOGNE BLEUE EDT,60ml | 100ml,2617,https://www.rp-luxury.com/10519-home_default/yves-saint-laurent-l-homme-cologne-bleue-edt.jpg
BENTLEY FOR MEN EAU DE TOILETTE 100 Ml,100ml,2533,https://www.rp-luxury.com/15590-home_default/bentley-for-men-eau-de-toilette-100-ml.jpg
ISSEY MIYAKE L'EAU D'ISSEY WOOD & WOOD EAU DE PARFUM,50ml | 100ml,2505,https://www.rp-luxury.com/24728-home_default/issey-miyake-l-eau-d-issey-wood-wood-eau-de-parfum.jpg
DOLCE & GABBANA THE ONE FOR MEN EAU DE TOILETTE,50ml | 100ml | 150ml,2503,https://www.rp-luxury.com/24665-home_default/dolce-gabbana-the-one-for-men-eau-de-toilette.jpg
DOLCE & GABBANA THE ONE FOR MEN EAU DE PARFUM,100ml | 150ml,,https://www.rp-luxury.com/24667-home_default/dolce-gabbana-the-one-for-men-eau-de-parfum.jpg
DOLCE & GABBANA K BY DOLCE GABBANA PARFUM 100 Ml,100ml,2501,https://www.rp-luxury.com/12152-home_default/dolce-gabbana-k-by-dolce-gabbana-parfum-100-ml.jpg
DOLCE & GABBANA POUR HOMME EAU DE TOILETTE,125ml,2500,https://www.rp-luxury.com/12155-home_default/dolce-gabbana-pour-homme-eau-de-toilette.jpg
DOLCE & GABBANA LIGHT BLUE POUR HOMME EAU INTENSE,50ml | 100ml,,https://www.rp-luxury.com/12160-home_default/dolce-gabbana-light-blue-pour-homme-eau-intense.jpg
TOMMY HILFIGER IMPACT EAU DE TOILETTE,50ml | 100ml,2409,https://www.rp-luxury.com/5217-home_default/tommy-hilfiger-impact-eau-de-toilette-.jpg
COACH BLUE EAU DE TOILETTE,40ml | 100ml,2453,https://www.rp-luxury.com/5323-home_default/coach-blue-eau-de-toilette.jpg
YVES SAINT LAURENT L´HOMME SPORT EAU DE TOILETTE,60ml,2380,https://www.rp-luxury.com/17222-home_default/yves-saint-laurent-lhomme-sport-eau-de-toilette.jpg
VERSACE EROS FLAME EAU DE PARFUM,30ml | 50ml | 200ml,2422,https://www.rp-luxury.com/11641-home_default/versace-eros-flame-eau-de-parfum.jpg
4711 ACQUA COLONIA LYCHEE & WHITE MINT EDC 170 Ml,170ml,2408,https://www.rp-luxury.com/24602-home_default/4711-acqua-colonia-lychee-white-mint-edc-170-ml.jpg
ROCHAS L'HOMME ROCHAS EAU DE TOILETTE,40ml | 60ml | 100ml,2406,https://www.rp-luxury.com/5202-home_default/rochas-l-homme-rochas-eau-de-toilette.jpg
ABERCROMBIE & FITCH AUTHENTIC MEN EDT,50ml | 100ml,2402,https://www.rp-luxury.com/5194-home_default/abercrombie-fitch-authentic-men-edt-.jpg
RALPH LAUREN POLO BLUE EAU DE TOILETTE,125ml,2394,https://www.rp-luxury.com/5102-home_default/ralph-lauren-polo-blue-eau-de-toilette.jpg
YVES SAINT LAURENT Y EAU DE TOILETTE,60ml,2389,https://www.rp-luxury.com/5089-home_default/yves-saint-laurent-y-eau-de-toilette.jpg
YVES SAINT LAURENT L´HOMME EAU DE TOILETTE,100ml,2385,https://www.rp-luxury.com/5078-home_default/yves-saint-laurent-lhomme-eau-de-toilette.jpg
MOSCHINO TOY BOY MEN EAU DE PARFUM,50ml | 100ml,2383,https://www.rp-luxury.com/25046-home_default/moschino-toy-boy-men-eau-de-parfum.jpg
SALVATORE FERRAGAMO UOMO EAU DE TOILETTE,30ml | 50ml | 100ml,2379,https://www.rp-luxury.com/11631-home_default/salvatore-ferragamo-uomo-eau-de-toilette.jpg
ARMANI EMPORIO HE EAU DE TOILETTE 100 Ml,100ml,2351,https://www.rp-luxury.com/26260-home_default/armani-emporio-he-eau-de-toilette-100-ml.jpg
ARMANI DIAMONDS MEN 75 Ml,75 ml,2339,https://www.rp-luxury.com/11203-home_default/armani-diamonds-men-75-ml.jpg
GIVENCHY GENTLEMAN ORIGINAL EAU DE TOILETTE 50 Ml,50ml,2243,https://www.rp-luxury.com/29324-home_default/givenchy-gentleman-original-eau-de-toilette-50-ml.jpg
VERSACE BLUE JEANS MAN EAU DE TOILETTE 75 Ml,75ml,2231,https://www.rp-luxury.com/4751-home_default/versace-blue-jeans-man-eau-de-toilette-75-ml.jpg
RABANNE ONE MILLION EAU DE TOILETTE 200 Ml,200ml,2196,https://www.rp-luxury.com/27236-home_default/rabanne-one-million-eau-de-toilette-200-ml.jpg
DAVIDOFF HOT WATER EAU DE TOILETTE 110 Ml,110ml,2182,https://www.rp-luxury.com/29524-home_default/davidoff-hot-water-eau-de-toilette-110-ml.jpg
CALVIN KLEIN ETERNITY MEN EAU DE PARFUM,50ml | 100ml,2179,https://www.rp-luxury.com/24625-home_default/calvin-klein-eternity-men-eau-de-parfum-.jpg
DIESEL ONLY THE BRAVE EAU DE TOILETTE,35ml | 75ml | 125ml | 200ml,2177,https://www.rp-luxury.com/11664-home_default/diesel-only-the-brave-eau-de-toilette.jpg
YVES SAINT LAURENT NEW Y MEN EAU DE PARFUM,60ml | 100ml,2176,https://www.rp-luxury.com/4640-home_default/yves-saint-laurent-new-y-men-eau-de-parfum-.jpg
DIOR HOMME NEW EAU DE TOILETTE,50ml | 100ml | 150ml,2171,https://www.rp-luxury.com/4630-home_default/dior-homme-new-eau-de-toilette-.jpg
RABANNE ONE MILLION PARFUM,50ml | 100ml,2169,https://www.rp-luxury.com/27250-home_default/rabanne-one-million-parfum.jpg
GIVENCHY GENTLEMAN EAU DE PARFUM BOISÉE,50ml,2159,https://www.rp-luxury.com/4605-home_default/givenchy-gentleman-eau-de-parfum-boisee-.jpg
DOLCE & GABBANA K BY DOLCE & GABBANA EAU DE TOILETTE,50ml | 100ml | 200ml,2157,https://www.rp-luxury.com/12204-home_default/dolce-gabbana-k-by-dolce-gabbana-eau-de-toilette.jpg
4711 ORIGINAL EAU DE COLOGNE UNISEX 800 Ml,800 ml,2150,https://www.rp-luxury.com/24604-home_default/4711-original-eau-de-cologne-unisex-800-ml.jpg
4711 ORIGINAL EAU DE COLOGNE UNISEX 400 Ml,400ml,2149,https://www.rp-luxury.com/24601-home_default/4711-original-eau-de-cologne-unisex-400-ml.jpg
4711 ORIGINAL EAU DE COLOGNE UNISEX,200ml,2132,https://www.rp-luxury.com/5143-home_default/4711-original-eau-de-cologne-unisex.jpg
MONTBLANC EMBLEM EAU DE TOILETTE,40ml | 60ml | 100ml,2122,https://www.rp-luxury.com/25042-home_default/montblanc-emblem-eau-de-toilette.jpg
MONTBLANC LEGEND SPIRIT EAU DE TOILETTE,30ml | 50ml | 100ml,2119,https://www.rp-luxury.com/4507-home_default/montblanc-legend-spirit-eau-de-toilette.jpg
MONTBLANC STARWALKER EAU DE TOILETTE,75ml,2118,https://www.rp-luxury.com/4505-home_default/montblanc-starwalker-eau-de-toilette.jpg
JIMMY CHOO MAN BLUE EAU DE TOILETTE,30ml | 100ml,2104,https://www.rp-luxury.com/4477-home_default/jimmy-choo-man-blue-eau-de-toilette-.jpg
JIMMY CHOO MAN EAU DE TOILETTE,30ml | 50ml | 100ml,2100,https://www.rp-luxury.com/4471-home_default/jimmy-choo-man-eau-de-toilette-.jpg
COACH PLATINUM EAU DE PARFUM,60ml | 100ml,2095,https://www.rp-luxury.com/4460-home_default/coach-platinum-eau-de-parfum-.jpg
CARTIER PASHA NOIRE SPORT EAU DE TOILETTE 100 Ml,100ml,2089,https://www.rp-luxury.com/4449-home_default/cartier-pasha-noire-sport-eau-de-toilette-100-ml.jpg
CARTIER PASHA EAU DE TOILETTE,50ml | 100ml,2088,https://www.rp-luxury.com/24651-home_default/cartier-pasha-eau-de-toilette-.jpg
BOUCHERON QUATRE MEN EAU DE TOILETTE,50ml | 100ml,2080,https://www.rp-luxury.com/4429-home_default/boucheron-quatre-men-eau-de-toilette-.jpg
AZZARO CHROME UNITED EAU DE TOILETTE,30ml | 50ml,2023,https://www.rp-luxury.com/29379-home_default/azzaro-chrome-united-eau-de-toilette.jpg
AZZARO CHROME AQUA EAU DE TOILETTE,50ml,2022,https://www.rp-luxury.com/24617-home_default/azzaro-chrome-aqua-eau-de-toilette-.jpg
VERSACE EROS FLAME EAU DE PARFUM,100ml | 200ml,2020,https://www.rp-luxury.com/4296-home_default/versace-eros-flame-eau-de-parfum.jpg
VERSACE MAN EAU FRAICHE EAU DE TOILETTE,30ml | 50ml | 100ml | 200ml,2017,https://www.rp-luxury.com/4294-home_default/versace-man-eau-fraiche-eau-de-toilette.jpg
VERSACE POUR HOMME EAU DE TOILETTE,30ml | 50ml | 100ml | 200ml,2016,https://www.rp-luxury.com/4291-home_default/versace-pour-homme-eau-de-toilette.jpg
VERSACE DYLAN BLUE POUR HOMME EDT,50ml | 100ml | 200ml,2013,https://www.rp-luxury.com/11637-home_default/versace-dylan-blue-pour-homme-edt.jpg
LOLITA LEMPICKA GREEN LOVER EAU DE TOILETTE,50ml | 100ml,1996,https://www.rp-luxury.com/10105-home_default/lolita-lempicka-green-lover-eau-de-toilette.jpg
HERMÈS VOYAGE D`HERMÈS EAU DE TOILETTE,35ml | 100ml,1987,https://www.rp-luxury.com/4233-home_default/hermes-voyage-dhermes-eau-de-toilette-.jpg
HERMÈS LE JARDIN DE MONSIEUR LI EAU DE TOILETTE,50ml | 100ml,1985,https://www.rp-luxury.com/4228-home_default/hermes-le-jardin-de-monsieur-li-eau-de-toilette-.jpg
HERMÈS UN JARDIN SUR LA LAGUNE EAU DE TOILETTE,50ml | 100ml,1984,https://www.rp-luxury.com/4226-home_default/hermes-un-jardin-sur-la-lagune-eau-de-toilette-.jpg
HERMÈS UN JARDIN SUR LE TOIT EAU DE TOILETTE,50ml | 100ml,1983,https://www.rp-luxury.com/4224-home_default/hermes-un-jardin-sur-le-toit-eau-de-toilette-.jpg
HERMÈS UN JARDIN SUR LE NIL EAU DE TOILETTE,50ml | 100ml,1982,https://www.rp-luxury.com/4222-home_default/hermes-un-jardin-sur-le-nil-eau-de-toilette-.jpg
HERMÈS UN JARDIN EN MÉDITERRANÉE EAU DE TOILETTE,50ml | 100ml,1981,https://www.rp-luxury.com/4220-home_default/hermes-un-jardin-en-mediterranee-eau-de-toilette.jpg
HERMÈS CONCENTRE D`ORANGE VERTE EDT 100 Ml,100ml,1980,https://www.rp-luxury.com/24702-home_default/hermes-concentre-dorange-verte-edt-100-ml.jpg
HERMÈS EAU DE CITRON NOIR EAU DE COLOGNE 100 Ml,100ml,1978,https://www.rp-luxury.com/4214-home_default/hermes-eau-de-citron-noir-eau-de-cologne-100-ml.jpg
HERMÈS EAU DE PAMPLEMOUSSE ROSE EAU DE COLOGNE 100 Ml,100ml,1977,https://www.rp-luxury.com/24700-home_default/hermes-eau-de-pamplemousse-rose-eau-de-cologne-100-ml.jpg
HERMÈS TERRE D`HERMÈS EAU INTENSE VETIVER EDP,50ml | 100ml,1975,https://www.rp-luxury.com/4208-home_default/hermes-terre-dhermes-eau-intense-vetiver-edp.jpg
TRUSSARDI UOMO THE RED EAU DE TOILETTE,30ml | 50ml | 100ml,1701,https://www.rp-luxury.com/3876-home_default/trussardi-uomo-the-red-eau-de-toilette.jpg
TRUSSARDI MY LAND EAU DE TOILETTE,30ml | 50ml | 100ml,1700,https://www.rp-luxury.com/3873-home_default/trussardi-my-land-eau-de-toilette.jpg
TRUSSARDI UOMO EAU DE TOILETTE,30ml | 50ml | 100ml,1699,https://www.rp-luxury.com/3870-home_default/trussardi-uomo-eau-de-toilette.jpg
DIOR HIGHER ENERGY EAU DE TOILETTE 100 Ml,100ml,1693,https://www.rp-luxury.com/3857-home_default/dior-higher-energy-eau-de-toilette-100-ml.jpg
CHRISTIAN DIOR FAHRENHEIT 75 Ml PARFUM,75ml,1690,https://www.rp-luxury.com/3852-home_default/christian-dior-fahrenheit-75-ml-parfum.jpg
CHRISTIAN DIOR HOMME COLOGNE FOR MEN,75ml | 125ml,1689,https://www.rp-luxury.com/3849-home_default/christian-dior-homme-cologne-for-men.jpg
DAVIDOFF COOL WATER MAN EAU DE TOILETTE,40ml | 75ml | 125ml,1673,https://www.rp-luxury.com/24663-home_default/davidoff-cool-water-man-eau-de-toilette.jpg
KENZO L' EAU PAR KENZO HOMME EDT,50ml | 100ml,1667,https://www.rp-luxury.com/23988-home_default/kenzo-l-eau-par-kenzo-homme-edt.jpg
CALVIN KLEIN ETERNITY FOR MEN EAU DE TOILETTE,50ml,1656,https://www.rp-luxury.com/9285-home_default/calvin-klein-eternity-for-men-eau-de-toilette-.jpg
BURBERRY MR BURBERRY HOMME EDT,50ml | 100ml | 150ml,1649,https://www.rp-luxury.com/29341-home_default/burberry-mr-burberry-homme-edt.jpg
BOSS HUGO MAN EAU DE TOILETTE,75ml | 125ml,1639,https://www.rp-luxury.com/24713-home_default/boss-hugo-man-eau-de-toilette.jpg
HUGO BOSS HUGO MAN EAU DE TOILETTE 200 Ml,200ml,1637,https://www.rp-luxury.com/28593-home_default/hugo-boss-hugo-man-eau-de-toilette-200-ml.jpg
HUGO BOSS THE SCENT EAU DE TOILETTE,100ml,1634,https://www.rp-luxury.com/9307-home_default/hugo-boss-the-scent-eau-de-toilette-.jpg
BOSS BOTTLED TONIC EAU DE TOILETTE,50ml | 100ml,1631,https://www.rp-luxury.com/9315-home_default/boss-bottled-tonic-eau-de-toilette-.jpg
RABANNE PURE XS EAU DE TOILETTE,50ml | 100ml,1609,https://www.rp-luxury.com/11577-home_default/rabanne-pure-xs-eau-de-toilette.jpg
RABANNE POUR HOMME EAU DE TOILETTE,100ml,1605,https://www.rp-luxury.com/3653-home_default/rabanne-pour-homme-eau-de-toilette.jpg
CAROLINA HERRERA 212 SEXY MEN EAU DE TOILETTE,50ml,1600,https://www.rp-luxury.com/3634-home_default/carolina-herrera-212-sexy-men-eau-de-toilette.jpg
JIMMY CHOO URBAN HERO EAU DE PARFUM,30ml | 50ml | 100ml,1587,https://www.rp-luxury.com/3568-home_default/jimmy-choo-urban-hero-eau-de-parfum.jpg
MOSCHINO TOY BOY MEN EAU DE PARFUM 30 Ml,30ml,1579,https://www.rp-luxury.com/25048-home_default/moschino-toy-boy-men-eau-de-parfum-30-ml.jpg
HERMES TERRE PARFUM,75ml | 200ml,1539,https://www.rp-luxury.com/24704-home_default/hermes-terre-parfum.jpg
JEAN PAUL GAULTIER LE MALE EAU DE TOILETTE 75 Ml,75ml,1535,https://www.rp-luxury.com/24743-home_default/jean-paul-gaultier-le-male-eau-de-toilette-75-ml.jpg
RALPH LAUREN POLO BLACK EAU DE TOILETTE,125ml,1506,https://www.rp-luxury.com/13899-home_default/ralph-lauren-polo-black-eau-de-toilette.jpg
RALPH LAUREN POLO RED RUSH EAU DE TOILETTE,40ml | 75ml | 125ml,1505,https://www.rp-luxury.com/13901-home_default/ralph-lauren-polo-red-rush-eau-de-toilette.jpg
LAPIDUS POUR HOMME EAU DE TOILETTE 100 Ml,100ml,1503,https://www.rp-luxury.com/15278-home_default/lapidus-pour-homme-eau-de-toilette-100-ml.jpg
HUGO BOSS NOW EAU DE TOILETTE,75ml | 125ml,1491,https://www.rp-luxury.com/24711-home_default/hugo-boss-now-eau-de-toilette.jpg
DOLCE & GABBANA THE ONE POUR HOMME EDP,100ml,1480,https://www.rp-luxury.com/29735-home_default/dolce-gabbana-the-one-pour-homme-edp.jpg
CHRISTIAN DIOR SAUVAGE EAU DE PARFUM,60ml | 100ml | 200ml,1477,https://www.rp-luxury.com/3277-home_default/christian-dior-sauvage-eau-de-parfum.jpg
BOSS BOTTLED INFINITE EAU DE PARFUM,50ml | 100ml,1475,https://www.rp-luxury.com/9317-home_default/boss-bottled-infinite-eau-de-parfum.jpg
JEAN PAUL GAULTIER LE BEAU EAU DE TOILETTE,75ml | 125ml,1233,https://www.rp-luxury.com/2935-home_default/jean-paul-gaultier-le-beau-eau-de-toilette.jpg
CAROLINA HERRERA BAD BOY EAU DE TOILETTE,50ml | 100ml | 150ml,1231,https://www.rp-luxury.com/10541-home_default/carolina-herrera-bad-boy-eau-de-toilette.jpg
AZZARO CHROME EAU DE TOILETTE 200 Ml,200ml,1198,https://www.rp-luxury.com/20260-home_default/azzaro-chrome-eau-de-toilette-200-ml.jpg
GIVENCHY GENTLEMAN EAU DE PARFUM,50ml | 100ml,1180,https://www.rp-luxury.com/14374-home_default/givenchy-gentleman-eau-de-parfum.jpg
BURBERRY MR BURBERRY INDIGO EDT 50 Ml,50ml,1173,https://www.rp-luxury.com/14422-home_default/burberry-mr-burberry-indigo-edt-50-ml.jpg
GUCCI GUILTY REVOLUTION POUR HOMME EDT,50ml,1092,https://www.rp-luxury.com/24672-home_default/gucci-guilty-revolution-pour-homme-edt-.jpg
ARMANI CODE COLONIA,50ml | 75ml,1082,https://www.rp-luxury.com/2672-home_default/armani-code-colonia.jpg
CHRISTIAN DIOR SAUVAGE PARFUM,60ml | 100ml,1078,https://www.rp-luxury.com/21153-home_default/christian-dior-sauvage-parfum.jpg
DIOR HOMME INTENSE EAU DE PARFUM,50ml | 100ml | 150ml,1034,https://www.rp-luxury.com/14479-home_default/dior-homme-intense-eau-de-parfum.jpg
BOSS BOTTLED 20 ANNIVERSARY EAU DE TOILETTE,50ml | 100ml,1006,https://www.rp-luxury.com/24715-home_default/boss-bottled-20-anniversary-eau-de-toilette.jpg
MICHAEL KORS EXTREME RUSH x 120ML.,120ml,1004,https://www.rp-luxury.com/2574-home_default/michael-kors-extreme-rush-x-120ml.jpg
MONTBLANC EXPLORER EAU DE PARFUM,30ml | 60ml | 100ml,999,https://www.rp-luxury.com/25040-home_default/montblanc-explorer-eau-de-parfum.jpg
TRUSSARDI RIFLESSO BLUE VIBE EAU DE TOILETTE,30ml | 50ml | 100ml,998,https://www.rp-luxury.com/2558-home_default/trussardi-riflesso-blue-vibe-eau-de-toilette.jpg
DSQUARED2 WOOD POUR HOMME,30ml | 50ml | 100ml,985,https://www.rp-luxury.com/24669-home_default/dsquared2-wood-pour-homme.jpg
CAROLINA HERRERA 212 VIP BLACK MEN EDP 200 Ml,200ml,944,https://www.rp-luxury.com/27700-home_default/carolina-herrera-212-vip-black-men-edp-200-ml.jpg
BVLGARI WOOD ESSENCE,60ml | 100ml,940,https://www.rp-luxury.com/1794-home_default/bvlgari-wood-essence.jpg
GIVENCHY BLUE LABEL EAU DE TOILETTE,50ml | 100ml,925,https://www.rp-luxury.com/1746-home_default/givenchy-blue-label-eau-de-toilette.jpg
CAROLINA HERRERA  FOR MEN EAU DE TOILETTE,100ml,921,https://www.rp-luxury.com/3589-home_default/carolina-herrera-for-men-eau-de-toilette.jpg
PASHA CARTIER NOIR EDT X 100 ML,100ml,883,https://www.rp-luxury.com/24647-home_default/pasha-cartier-noir-edt-x-100-ml.jpg
DECLARATION CARTIER PARFUM X 100,100ml,882,https://www.rp-luxury.com/1638-home_default/declaration-cartier-parfum-x-100.jpg
COACH FOR MEN VAPORIZADOR,40ml | 100ml,836,https://www.rp-luxury.com/24661-home_default/coach-for-men-vaporizador.jpg
ARMANI STRONGER WITH YOU INTENSELY EDP,50ml | 100ml | 150ml,822,https://www.rp-luxury.com/4979-home_default/armani-stronger-with-you-intensely-edp.jpg
HUGO BOSS HUGO REVERSED BOSS EDT,75ml,819,https://www.rp-luxury.com/9311-home_default/hugo-boss-hugo-reversed-boss-edt.jpg
DIOR HOMME SPORT VERY COOL SPRAY EDT 100 Ml,100ml,812,https://www.rp-luxury.com/21155-home_default/dior-homme-sport-very-cool-spray-edt-100-ml.jpg
DAVIDOFF COOL WATER WAVE MAN EAU DE TOILETTE,75ml | 125ml,797,https://www.rp-luxury.com/3815-home_default/davidoff-cool-water-wave-man-eau-de-toilette-.jpg
MUGLER A*MEN RECARGABLE EDT,50ml | 100ml,774,https://www.rp-luxury.com/19682-home_default/mugler-amen-recargable-edt.jpg
BOSS BOTTLED UNITED EAU DE TOILETTE,50ml | 100ml,772,https://www.rp-luxury.com/9319-home_default/boss-bottled-united-eau-de-toilette.jpg
DOLCE & GABBANA THE ONE GREY EAU DE TOILETTE,50ml | 100ml,725,https://www.rp-luxury.com/12185-home_default/dolce-gabbana-the-one-grey-eau-de-toilette.jpg
BENTLEY INFINITE INTENSE EAU DE PARFUM 100 Ml,100 ml,679,https://www.rp-luxury.com/15601-home_default/bentley-infinite-intense-eau-de-parfum-100-ml.jpg
BENTLEY FOR MEN AZURE EAU DE TOILETTE 100 Ml,100ml,678,https://www.rp-luxury.com/15584-home_default/bentley-for-men-azure-eau-de-toilette-100-ml.jpg
CALVIN KLEIN CK ONE EAU DE TOILETTE UNISEX,50ml | 100ml | 200ml,674,https://www.rp-luxury.com/9293-home_default/calvin-klein-ck-one-eau-de-toilette-unisex.jpg
BURBERRY MR BURBERRY INDIGO EDT,100ml,667,https://www.rp-luxury.com/9268-home_default/burberry-mr-burberry-indigo-edt.jpg
ARMANI EMPORIO STRONGER WITH YOU HE EDT,50ml | 100ml,549,https://www.rp-luxury.com/4977-home_default/armani-emporio-stronger-with-you-he-edt.jpg
RABANNE XS BLACK MEN EAU DE TOILETTE 50 Ml,50ml,536,https://www.rp-luxury.com/11111-home_default/rabanne-xs-black-men-eau-de-toilette-50-ml.jpg
TOMMY HILFIGER TOMMY EDT FOR MEN,30ml | 50ml | 100ml,472,https://www.rp-luxury.com/30681-home_default/tommy-hilfiger-tommy-edt-for-men-.jpg
TOMMY HILFIGER NOW MEN EAU DE TOILETTE 100 Ml,100ml,288,https://www.rp-luxury.com/15161-home_default/tommy-hilfiger-now-men-eau-de-toilette-100-ml.jpg
CALVIN KLEIN ETERNITY AIR MEN EAU DE TOILETTE,30ml | 50ml | 100ml,284,https://www.rp-luxury.com/24626-home_default/calvin-klein-eternity-air-men-eau-de-toilette.jpg
LACOSTE L'HOMME EAU DE TOILETTE,50ml,283,https://www.rp-luxury.com/9230-home_default/lacoste-l-homme-eau-de-toilette-.jpg
BENTLEY FOR MEN INTENSE EAU DE PARFUM 100 Ml,100ml,270,https://www.rp-luxury.com/15595-home_default/bentley-for-men-intense-eau-de-parfum-100-ml.jpg
SALVATORE FERRAGAMO UOMO CASUAL LIFE EDT,30ml | 50ml | 100ml,257,https://www.rp-luxury.com/2261-home_default/salvatore-ferragamo-uomo-casual-life-edt.jpg
GIVENCHY GENTLEMAN EAU DE TOILETTE,50ml | 100ml,217,https://www.rp-luxury.com/19211-home_default/givenchy-gentleman-eau-de-toilette.jpg
TRUSSARDI RIFLESSO EAU DE TOILETTE,30ml | 100ml,214,https://www.rp-luxury.com/3877-home_default/trussardi-riflesso-eau-de-toilette.jpg
KENZO L EAU KENZO HOMME EDT,30ml | 50ml | 100ml,176,https://www.rp-luxury.com/14384-home_default/kenzo-l-eau-kenzo-homme-edt.jpg
RABANNE INVICTUS INTENSE EDT,50ml,168,https://www.rp-luxury.com/2136-home_default/rabanne-invictus-intense-edt.jpg
CALVIN KLEIN CK BE EAU DE TOILETTE,100ml,165,https://www.rp-luxury.com/9301-home_default/calvin-klein-ck-be-eau-de-toilette.jpg
AZZARO CHROME EAU DE TOILETTE,30ml | 50ml,120,https://www.rp-luxury.com/20266-home_default/azzaro-chrome-eau-de-toilette.jpg
GUERLAIN L HOMME IDEAL EDT,50ml | 100ml,116,https://www.rp-luxury.com/24674-home_default/guerlain-l-homme-ideal-edt.jpg
MOLYNEUX QUARTZ HOMME EDT,30ml | 50ml | 100ml,114,https://www.rp-luxury.com/2013-home_default/molyneux-quartz-homme-edt.jpg
CAROLINA HERRERA CH MEN EDT,50ml | 100ml,112,https://www.rp-luxury.com/3596-home_default/carolina-herrera-ch-men-edt.jpg
JEAN PAUL GAULTIER LE MALE EAU DE TOILETTE,75ml | 125ml,111,https://www.rp-luxury.com/20097-home_default/jean-paul-gaultier-le-male-eau-de-toilette.jpg
RALPH LAUREN POLO RED EAU DE TOILETTE,75ml | 125ml,109,https://www.rp-luxury.com/5093-home_default/ralph-lauren-polo-red-eau-de-toilette.jpg
HALLOWEEN MAN CLÁSICO EAU DE TOILETTE,75ml | 125ml | 200ml,106,https://www.rp-luxury.com/9813-home_default/halloween-man-clasico-eau-de-toilette.jpg
VERSACE EROS MEN EAU DE TOILETTE,30ml | 50ml | 100ml | 200ml,105,https://www.rp-luxury.com/1998-home_default/versace-eros-men-eau-de-toilette.jpg
VERSACE DYLAN BLUE POUR HOMME EDT,30ml,104,https://www.rp-luxury.com/3246-home_default/versace-dylan-blue-pour-homme-edt.jpg
CAROLINA HERRERA 212 VIP BLACK MEN EDP,50ml | 100ml,102,https://www.rp-luxury.com/3627-home_default/carolina-herrera-212-vip-black-men-edp.jpg
RABANNE PURE XS EAU DE TOILETTE 50 Ml,50ml,101,https://www.rp-luxury.com/1992-home_default/rabanne-pure-xs-eau-de-toilette-50-ml.jpg
RALPH LAUREN POLO BLUE EAU DE PARFUM,75ml | 125ml,,https://www.rp-luxury.com/1968-home_default/ralph-lauren-polo-blue-eau-de-parfum.jpg
RABANNE INVICTUS EAU DE TOILETTE,50ml | 100ml | 200ml,64,https://www.rp-luxury.com/26688-home_default/rabanne-invictus-eau-de-toilette.jpg
RABANNE ONE MILLION EAU DE TOILETTE,50ml,63,https://www.rp-luxury.com/3212-home_default/rabanne-one-million-eau-de-toilette.jpg
MONTBLANC LEGEND EDT,30ml | 50ml | 100ml | 200ml,61,https://www.rp-luxury.com/25044-home_default/montblanc-legend-edt.jpg
ISSEY MIYAKE L'EAU D'ISSEY POUR HOMME EAU DE TOILETTE,75ml | 125ml,59,https://www.rp-luxury.com/24730-home_default/issey-miyake-l-eau-d-issey-pour-homme-eau-de-toilette.jpg
CAROLINA HERRERA 212 VIP MEN EDT,50ml | 200ml,56,https://www.rp-luxury.com/4365-home_default/carolina-herrera-212-vip-men-edt.jpg
CAROLINA HERRERA 212 NYC MEN EAU DE TOILETTE,30ml | 50ml | 100ml | 200ml,55,https://www.rp-luxury.com/1947-home_default/carolina-herrera-212-nyc-men-eau-de-toilette.jpg
GIVENCHY GENTLEMAN ONLY,50ml | 150ml,,https://www.rp-luxury.com/21163-home_default/givenchy-gentleman-only.jpg
DIOR SAUVAGE EAU DE TOILETTE,60ml | 100ml | 200ml,49,https://www.rp-luxury.com/24655-home_default/dior-sauvage-eau-de-toilette.jpg
DIOR FAHRENHEIT EAU DE TOILETTE,50ml | 100ml | 200ml,47,https://www.rp-luxury.com/1935-home_default/dior-fahrenheit-eau-de-toilette.jpg
AZZARO WANTED EAU DE TOILETTE,100ml,43,https://www.rp-luxury.com/20272-home_default/azzaro-wanted-eau-de-toilette.jpg
AZZARO POUR HOMME EAU DE TOILETTE,30ml | 50ml | 100ml | 200ml,42,https://www.rp-luxury.com/20269-home_default/azzaro-pour-homme-eau-de-toilette.jpg
ARMANI ACQUA DI GIO PROFONDO PARFUM,50ml | 100ml,,https://www.rp-luxury.com/21878-home_default/armani-acqua-di-gio-profondo-parfum.jpg
